	TP	FN	TN	FP	threshold	auroc	auprc	subset	Precision	Recall	Specificity	Accuracy	F1	MCC	Precision_se	Recall_se	Accuracy_se
0	936.0	5466.0	5492.0	892.0	0.5	0.5039396758061978	0.5064030320529539	ModelOrgs	0.5120350109409191	0.14620431115276475	0.8602756892230576	0.5027373689973409	0.22746051032806802	0.009256047217231096	0.011691118552778724	0.004415696678448625	0.004421769967887374
1	5068.0	1334.0	3014.0	3370.0	0.5	0.7632066831402156	0.8258210464637968	results_100	0.6006162597771983	0.7916276163698844	0.47211779448621555	0.6320976067573909	0.6830188679245283	0.27837142814615584	0.005331801493511	0.0050760128539385	0.004264724974614581
2	5974.0	428.0	1336.0	5048.0	0.5	0.8201769555879702	0.8627114290593617	results_40	0.5420068953003084	0.9331458919087785	0.20927318295739347	0.5717190677303301	0.6857208448117539	0.20648710750116966	0.004745715204893184	0.003121626859859204	0.004376111289433889
3	5606.0	796.0	2324.0	4060.0	0.5	0.7914376498885451	0.8366340070025291	results_60	0.5799710324849989	0.8756638550452983	0.36403508771929827	0.6202096042546535	0.6977844162310182	0.27904207976949613	0.005020181018596319	0.004123913771431907	0.004292140032680572
4	5416.0	986.0	3378.0	3006.0	0.5	0.8152204550739548	0.8572050339404542	results_80	0.6430776537639515	0.8459856294907842	0.5291353383458647	0.6877835132175817	0.730706961683756	0.3955720744320168	0.005220486299357693	0.004511326718112401	0.004098136755662336
5	5570.0	832.0	1446.0	4938.0	0.5	0.6903085873853645	0.7506384268822732	results_none	0.5300723258469737	0.8700406123086536	0.22650375939849623	0.548725168152667	0.6587817859254879	0.12615205884001407	0.004868812435060829	0.004202577741749807	0.004400790015432717
6	4946.0	1456.0	3194.0	3190.0	0.5	0.7493422618558266	0.8108157809706071	results_ranks_100	0.6079154375614553	0.7725710715401437	0.50031328320802	0.6366338182386986	0.680423717155042	0.28362921612577235	0.005412600678800477	0.005238829191373314	0.004253532495680792
7	5734.0	668.0	1312.0	5072.0	0.5	0.7447326141032056	0.8023566429736336	results_ranks_40	0.5306311308532297	0.8956576069978132	0.20551378446115287	0.551071484436102	0.6664342166434216	0.1398288933234228	0.0048008818925679144	0.003820705563986813	0.00439870883425264
8	5696.0	706.0	3634.0	2750.0	0.5	0.8741222980913703	0.9050786567842304	results_ranks_60	0.6744020838266636	0.8897219618869103	0.5692355889724311	0.7297043641482872	0.7672413793103449	0.4846256428750568	0.005098879183402749	0.0039148383687921525	0.0039275854151272
9	5542.0	860.0	2334.0	4050.0	0.5	0.7844753440928156	0.8339583704832965	results_ranks_80	0.5777731442869057	0.8656669790690409	0.3656015037593985	0.6159862349444705	0.6930098787045141	0.26711525075451137	0.00504309346575181	0.0042619561947337846	0.004301218941372434
10	5822.0	580.0	1714.0	4670.0	0.5	0.7902369266653042	0.8389295949024069	results_ranks_none	0.5548989706443004	0.9094033114651672	0.26848370927318294	0.5893946503988737	0.6892387829998816	0.23180494050067466	0.004851847231869405	0.003587373474782337	0.0043505888898417115
11	5946.0	456.0	2276.0	4108.0	0.5	0.8257354570431077	0.8524491710987934	monarch_percep_rand13_80	0.5914064054107818	0.9287722586691659	0.35651629072681706	0.6430470827467543	0.7226543509965969	0.34799966581137676	0.004902519712101041	0.0032145587619957956	0.004237010145795076
12	5838.0	564.0	2638.0	3746.0	0.5	0.8345783918559284	0.8649595332023511	monarch_percep_rand7_80	0.6091402337228714	0.9119025304592315	0.4132205513784461	0.6629125606131706	0.7303890904541473	0.37520447605927526	0.004984203023254124	0.003542404024562966	0.004180536878974945
13	5876.0	526.0	1696.0	4688.0	0.5	0.7367247586319752	0.771858124983102	monarch_percep_rand_80	0.5562287012495267	0.9178381755701344	0.2656641604010025	0.5922102299389957	0.6926794766002594	0.24213615829616558	0.004833838164500968	0.0034321025894270716	0.0043459904325923665
14	5490.0	912.0	1772.0	4612.0	0.5	0.7743825551069177	0.8383699051845314	results_100_ranks	0.5434567412393585	0.8575445173383318	0.2775689223057644	0.5679649616768341	0.6652932622394571	0.1658852938363159	0.004955868512222562	0.0043682761625732135	0.00438079476114402
15	5808.0	594.0	1696.0	4688.0	0.5	0.7984208999537268	0.8464123647614635	results_40_ranks	0.5533536585365854	0.9072164948453608	0.2656641604010025	0.5868919130298764	0.6874186294236004	0.22543483301611672	0.0048525651211133395	0.003626043598518861	0.004354552801302109
16	5820.0	582.0	1900.0	4484.0	0.5	0.8237743785424197	0.8667411792328885	results_60_ranks	0.5648291925465838	0.9090909090909091	0.2976190476190476	0.6037853902706085	0.6967556566503053	0.26131350580568546	0.0048841109299705265	0.0035929359887044267	0.004325528648504494
17	5788.0	614.0	1808.0	4576.0	0.5	0.825324401287505	0.8711069031706007	results_80_ranks	0.5584716325742957	0.9040924711027803	0.2832080200501253	0.5940872829657438	0.6904449481092687	0.23899698305669045	0.004877712094648499	0.0036802298377345676	0.004342842775325506
18	5830.0	572.0	1716.0	4668.0	0.5	0.7902258183728612	0.838162105768337	results_none_ranks	0.5553438750238141	0.9106529209621993	0.26879699248120303	0.5901767558266854	0.6899408284023669	0.23408103712923112	0.0048499788913418055	0.0035649938670763584	0.004349326327699011
