model	total	missing_true_gene	top10_tp	top50_tp	tp_outside_top50	pct_top10	pct_top50	pct_missing
results_80	788	0	279	456	332	0.35406091370558374	0.5786802030456852	0.0
monarch_percep_rand7_80	2455	938	630	793	724	0.25661914460285135	0.3230142566191446	0.38207739307535643
monarch_percep_rand_80	2455	940	622	794	721	0.2533604887983707	0.3234215885947047	0.38289205702647655
monarch_percep_rand13_80	2455	944	580	757	754	0.23625254582484725	0.3083503054989817	0.3845213849287169
results_60	2455	0	456	713	1742	0.18574338085539716	0.2904276985743381	0.0
results_40	2455	0	387	602	1853	0.15763747454175153	0.24521384928716905	0.0
results_100	2455	0	372	772	1683	0.1515274949083503	0.3144602851323829	0.0
results_none	2455	0	319	474	1981	0.129938900203666	0.19307535641547863	0.0
ModelOrgs	2455	0	4	12	2443	0.001629327902240326	0.004887983706720978	0.0
