MONDO:0009544	HGNC:21066
MONDO:0033485	HGNC:14313
MONDO:0014692	HGNC:967
MONDO:0054750	HGNC:7744
MONDO:0054752	HGNC:4221
MONDO:0014094	HGNC:24592
MONDO:0014095	HGNC:6484
MONDO:0014098	HGNC:24229
MONDO:0011301	HGNC:24872
MONDO:0014697	HGNC:7794
MONDO:0014700	HGNC:5044
MONDO:0014703	HGNC:2910
MONDO:0007793	HGNC:3690
MONDO:0010794	HGNC:7414
MONDO:0044282	HGNC:44204
MONDO:0014103	HGNC:17616
MONDO:0020736	HGNC:18337
MONDO:0800044	HGNC:17646
MONDO:0014106	HGNC:3673
MONDO:0014110	HGNC:7103
MONDO:0014113	HGNC:6840
MONDO:0014118	HGNC:14579
MONDO:0009901	HGNC:496
MONDO:0012714	HGNC:12403
MONDO:0007216	HGNC:4220
MONDO:0012717	HGNC:3229
MONDO:0012718	HGNC:14508
MONDO:0010660	HGNC:13254
MONDO:0009708	HGNC:7577
MONDO:0700087	HGNC:7606
MONDO:0700087	HGNC:12597
MONDO:0010169	HGNC:12601
MONDO:0010661	HGNC:9910
MONDO:0010655	HGNC:11957
MONDO:0012488	HGNC:5965
MONDO:0012490	HGNC:1386
MONDO:0100213	HGNC:15455
MONDO:0009181	HGNC:9069
MONDO:0012499	HGNC:10907
MONDO:0024455	HGNC:12784
MONDO:0976234	HGNC:602
MONDO:0012502	HGNC:1348
MONDO:0012730	HGNC:130
MONDO:0976232	HGNC:2673
MONDO:0976231	HGNC:26517
MONDO:0011946	HGNC:24154
MONDO:0007495	HGNC:4193
MONDO:0012280	HGNC:23419
MONDO:0012476	HGNC:888
MONDO:0012477	HGNC:30859
MONDO:0975842	HGNC:30705
MONDO:0008368	HGNC:11027
MONDO:0007750	HGNC:601
MONDO:0007750	HGNC:16973
MONDO:0007750	HGNC:4263
MONDO:0975875	HGNC:27015
MONDO:0012276	HGNC:6284
MONDO:0011971	HGNC:12572
MONDO:0012271	HGNC:35126
MONDO:0976124	HGNC:11655
MONDO:0004951	HGNC:1603
MONDO:0004951	HGNC:10628
MONDO:0004951	HGNC:1606
MONDO:0004951	HGNC:6026
MONDO:0976125	HGNC:1616
MONDO:0100352	HGNC:30500
MONDO:0007944	HGNC:11654
MONDO:0010663	HGNC:886
MONDO:0010665	HGNC:25726
MONDO:0975958	HGNC:29915
MONDO:0024309	HGNC:888
MONDO:0060622	HGNC:16716
MONDO:0976128	HGNC:12624
MONDO:0060627	HGNC:4446
MONDO:0040500	HGNC:8960
MONDO:0976133	HGNC:30171
MONDO:0976135	HGNC:26730
MONDO:0020667	HGNC:9208
MONDO:0007551	HGNC:6416
MONDO:0007104	HGNC:17994
MONDO:0976228	HGNC:12033
MONDO:0976137	HGNC:15797
MONDO:0014668	HGNC:18025
MONDO:0014667	HGNC:33848
MONDO:0009897	HGNC:4180
MONDO:0014675	HGNC:13872
MONDO:0009309	HGNC:7660
MONDO:0010020	HGNC:15832
MONDO:0030922	HGNC:2092
MONDO:0011304	HGNC:21708
MONDO:0009091	HGNC:6595
MONDO:0014082	HGNC:6006
MONDO:0010560	HGNC:11600
MONDO:0054742	HGNC:20286
MONDO:0014686	HGNC:12831
MONDO:0036482	HGNC:29669
MONDO:0100297	HGNC:1069
MONDO:0014690	HGNC:25070
MONDO:0054748	HGNC:1100
MONDO:0036484	HGNC:7739
MONDO:0014086	HGNC:12774
MONDO:0014090	HGNC:12926
MONDO:0030915	HGNC:23625
MONDO:0014049	HGNC:20889
MONDO:0033261	HGNC:16400
MONDO:0009894	HGNC:7744
MONDO:0018919	HGNC:4392
MONDO:0014643	HGNC:28845
MONDO:0011287	HGNC:19380
MONDO:0054708	HGNC:29077
MONDO:0014054	HGNC:11922
MONDO:0014052	HGNC:329
MONDO:0014055	HGNC:25489
MONDO:0011464	HGNC:19141
MONDO:0030920	HGNC:1461
MONDO:0030919	HGNC:1460
MONDO:0009154	HGNC:2488
MONDO:0014659	HGNC:15625
MONDO:0009155	HGNC:1762
MONDO:0014663	HGNC:5466
MONDO:0014664	HGNC:19960
MONDO:0011459	HGNC:28472
MONDO:0011585	HGNC:8157
MONDO:0013033	HGNC:19309
MONDO:0013034	HGNC:3052
MONDO:0014072	HGNC:10979
MONDO:0013038	HGNC:8975
MONDO:0013040	HGNC:6953
MONDO:0012243	HGNC:11990
MONDO:0013052	HGNC:15646
MONDO:0013056	HGNC:10982
MONDO:0008647	HGNC:7576
MONDO:0008647	HGNC:7577
MONDO:0012237	HGNC:37227
MONDO:0013060	HGNC:9039
MONDO:0013066	HGNC:7983
MONDO:0012709	HGNC:10848
MONDO:0012233	HGNC:16627
MONDO:0010220	HGNC:33720
MONDO:0012225	HGNC:28949
MONDO:0008717	HGNC:4220
MONDO:0012693	HGNC:4706
MONDO:0012694	HGNC:29168
MONDO:0013032	HGNC:1514
MONDO:0009732	HGNC:7908
MONDO:0007284	HGNC:2417
MONDO:0010017	HGNC:613
MONDO:0010970	HGNC:7001
MONDO:0009268	HGNC:4177
MONDO:0012249	HGNC:7127
MONDO:0010969	HGNC:21043
MONDO:0012460	HGNC:21253
MONDO:0007508	HGNC:15979
MONDO:0010963	HGNC:12762
MONDO:0010581	HGNC:897
MONDO:0009999	HGNC:10257
MONDO:0012463	HGNC:10729
MONDO:0010958	HGNC:493
MONDO:0008856	HGNC:5439
MONDO:0060577	HGNC:10537
MONDO:0021574	HGNC:13189
MONDO:0060578	HGNC:12730
MONDO:0054677	HGNC:1243
MONDO:0060582	HGNC:3642
MONDO:0007548	HGNC:2214
MONDO:0033007	HGNC:18028
MONDO:0009874	HGNC:6091
MONDO:0014626	HGNC:12335
MONDO:0014628	HGNC:12827
MONDO:0014627	HGNC:2213
MONDO:0030914	HGNC:12306
MONDO:0033015	HGNC:6460
MONDO:0014635	HGNC:9922
MONDO:0033309	HGNC:16466
MONDO:0044718	HGNC:16066
MONDO:0033311	HGNC:23352
MONDO:0054691	HGNC:21729
MONDO:0033480	HGNC:3596
MONDO:0014583	HGNC:1965
MONDO:0100219	HGNC:11367
MONDO:0060556	HGNC:15808
MONDO:0014590	HGNC:11132
MONDO:0014006	HGNC:30032
MONDO:0010484	HGNC:2208
MONDO:0014595	HGNC:11142
MONDO:0014597	HGNC:6122
MONDO:0014010	HGNC:23752
MONDO:0014012	HGNC:23537
MONDO:0011749	HGNC:12442
MONDO:0014015	HGNC:20582
MONDO:0008560	HGNC:3542
MONDO:0054666	HGNC:27845
MONDO:0014020	HGNC:26784
MONDO:0054669	HGNC:25622
MONDO:0008559	HGNC:7436
MONDO:0014608	HGNC:3179
MONDO:0009294	HGNC:9725
MONDO:0011748	HGNC:16356
MONDO:0014023	HGNC:3006
MONDO:0014612	HGNC:8609
MONDO:0014611	HGNC:19857
MONDO:0014025	HGNC:15559
MONDO:0008780	HGNC:443
MONDO:0012212	HGNC:11772
MONDO:0008597	HGNC:12340
MONDO:0030908	HGNC:10298
MONDO:0030907	HGNC:8127
MONDO:0014037	HGNC:18829
MONDO:0014039	HGNC:16205
MONDO:0014042	HGNC:21086
MONDO:0012206	HGNC:2200
MONDO:0007862	HGNC:8617
MONDO:0008555	HGNC:29186
MONDO:0010514	HGNC:7373
MONDO:0010515	HGNC:1044
MONDO:0012204	HGNC:47
MONDO:0009136	HGNC:14377
MONDO:0012199	HGNC:2216
MONDO:0010498	HGNC:3133
MONDO:0010500	HGNC:11535
MONDO:0010499	HGNC:28909
MONDO:0010497	HGNC:2745
MONDO:0010936	HGNC:24537
MONDO:0012439	HGNC:7882
MONDO:0012442	HGNC:18141
MONDO:0012688	HGNC:2397
MONDO:0012193	HGNC:5037
MONDO:0007265	HGNC:1097
MONDO:0010948	HGNC:2394
MONDO:0009968	HGNC:853
MONDO:0007949	HGNC:2464
MONDO:0007949	HGNC:2219
MONDO:0007949	HGNC:2186
MONDO:0007949	HGNC:19317
MONDO:0013007	HGNC:25896
MONDO:0010621	HGNC:13398
MONDO:0019149	HGNC:6617
MONDO:0013008	HGNC:11386
MONDO:0009238	HGNC:30521
MONDO:0010946	HGNC:9386
MONDO:0012417	HGNC:6636
MONDO:0009009	HGNC:9071
MONDO:0012679	HGNC:29017
MONDO:0007922	HGNC:9644
MONDO:0007922	HGNC:1850
MONDO:0007922	HGNC:9957
MONDO:0007922	HGNC:1736
MONDO:0007922	HGNC:4171
MONDO:0007922	HGNC:11187
MONDO:0007922	HGNC:8004
MONDO:0007922	HGNC:14687
MONDO:0007922	HGNC:17271
MONDO:0007922	HGNC:17722
MONDO:0007922	HGNC:11194
MONDO:0007922	HGNC:6840
MONDO:0007922	HGNC:14294
MONDO:0007922	HGNC:16816
MONDO:0007922	HGNC:29426
MONDO:0007922	HGNC:9647
MONDO:0010053	HGNC:11272
MONDO:0012429	HGNC:25671
MONDO:0030049	HGNC:7976
MONDO:0012433	HGNC:29021
MONDO:0030055	HGNC:11184
MONDO:0030054	HGNC:25536
MONDO:0011285	HGNC:4888
MONDO:0024557	HGNC:7230
MONDO:0033262	HGNC:18957
MONDO:0033282	HGNC:28660
MONDO:0030070	HGNC:29636
MONDO:0054636	HGNC:21208
MONDO:0030072	HGNC:6970
MONDO:0033534	HGNC:14509
MONDO:0024556	HGNC:18423
MONDO:0009033	HGNC:29521
MONDO:0008040	HGNC:4170
MONDO:0030073	HGNC:119
MONDO:0014578	HGNC:6696
MONDO:0010577	HGNC:9462
MONDO:0011280	HGNC:7997
MONDO:0033543	HGNC:17283
MONDO:0014580	HGNC:3010
MONDO:0014582	HGNC:1961
MONDO:0024457	HGNC:9039
MONDO:0011413	HGNC:2388
MONDO:0030025	HGNC:226
MONDO:0014530	HGNC:4576
MONDO:0044323	HGNC:4718
MONDO:0011740	HGNC:10681
MONDO:0011740	HGNC:10682
MONDO:0011740	HGNC:10683
MONDO:0014534	HGNC:6217
MONDO:0054602	HGNC:2701
MONDO:0054601	HGNC:13733
MONDO:0030034	HGNC:10739
MONDO:0030036	HGNC:24921
MONDO:0100157	HGNC:14604
MONDO:0014539	HGNC:18688
MONDO:0014544	HGNC:18856
MONDO:0009379	HGNC:10959
MONDO:0060510	HGNC:3188
MONDO:0030046	HGNC:14406
MONDO:0033046	HGNC:6948
MONDO:0030048	HGNC:2321
MONDO:0007794	HGNC:6341
MONDO:0007794	HGNC:18455
MONDO:0007794	HGNC:3688
MONDO:0007794	HGNC:11190
MONDO:0007794	HGNC:15533
MONDO:0007794	HGNC:11528
MONDO:0007794	HGNC:4510
MONDO:0007794	HGNC:3686
MONDO:0007794	HGNC:10723
MONDO:0007794	HGNC:4421
MONDO:0011732	HGNC:18083
MONDO:0009060	HGNC:1603
MONDO:0054615	HGNC:2940
MONDO:0033203	HGNC:10817
MONDO:0033204	HGNC:2940
MONDO:0033115	HGNC:589
MONDO:0054724	HGNC:25631
MONDO:0054723	HGNC:26684
MONDO:0014557	HGNC:9154
MONDO:0044726	HGNC:1329
MONDO:0014559	HGNC:31399
MONDO:0020716	HGNC:11040
MONDO:0007636	HGNC:449
MONDO:0014560	HGNC:452
MONDO:0009183	HGNC:9069
MONDO:0016002	HGNC:9081
MONDO:0012187	HGNC:20473
MONDO:0012988	HGNC:3686
MONDO:0012183	HGNC:1773
MONDO:0012989	HGNC:10879
MONDO:0012184	HGNC:6487
MONDO:0020796	HGNC:5466
MONDO:0007403	HGNC:9449
MONDO:0009161	HGNC:218
MONDO:0012990	HGNC:19977
MONDO:0020607	HGNC:10600
MONDO:0008393	HGNC:2348
MONDO:0009134	HGNC:10702
MONDO:0012173	HGNC:4801
MONDO:0009902	HGNC:12592
MONDO:0044222	HGNC:918
MONDO:0013509	HGNC:4586
MONDO:0012976	HGNC:4285
MONDO:0008397	HGNC:3666
MONDO:0012979	HGNC:21057
MONDO:0013514	HGNC:28929
MONDO:0012980	HGNC:21219
MONDO:0013519	HGNC:14377
MONDO:0012981	HGNC:11027
MONDO:0020745	HGNC:2488
MONDO:0020745	HGNC:11598
MONDO:0020745	HGNC:7585
MONDO:0020745	HGNC:9024
MONDO:0020745	HGNC:11029
MONDO:0020745	HGNC:7939
MONDO:0020745	HGNC:17993
MONDO:0020745	HGNC:6224
MONDO:0020745	HGNC:1445
MONDO:0020745	HGNC:379
MONDO:0020745	HGNC:23576
MONDO:0020745	HGNC:4398
MONDO:0020745	HGNC:27365
MONDO:0020745	HGNC:19661
MONDO:0024533	HGNC:1078
MONDO:0012984	HGNC:15868
MONDO:0012393	HGNC:4341
MONDO:0012395	HGNC:14673
MONDO:0008720	HGNC:11596
MONDO:0012987	HGNC:1699
MONDO:0008156	HGNC:2025
MONDO:0007970	HGNC:6840
MONDO:0012401	HGNC:2705
MONDO:0008483	HGNC:573
MONDO:0011426	HGNC:2295
MONDO:0007514	HGNC:3603
MONDO:0009079	HGNC:29203
MONDO:0007533	HGNC:11272
MONDO:0032925	HGNC:14374
MONDO:0032927	HGNC:24552
MONDO:0007109	HGNC:6392
MONDO:0011570	HGNC:9154
MONDO:0032934	HGNC:7618
MONDO:0032937	HGNC:4023
MONDO:0011417	HGNC:11762
MONDO:0030004	HGNC:14291
MONDO:0030007	HGNC:8849
MONDO:0030005	HGNC:29010
MONDO:0030013	HGNC:14334
MONDO:0007110	HGNC:10402
MONDO:0011743	HGNC:9509
MONDO:0100058	HGNC:977
MONDO:0007829	HGNC:3706
MONDO:0033013	HGNC:4274
MONDO:0010984	HGNC:13733
MONDO:0013725	HGNC:7128
MONDO:0013100	HGNC:777
MONDO:0013103	HGNC:4084
MONDO:0013729	HGNC:543
MONDO:0013108	HGNC:4396
MONDO:0013108	HGNC:7652
MONDO:0013108	HGNC:1014
MONDO:0013113	HGNC:7176
MONDO:0013114	HGNC:31648
MONDO:0010983	HGNC:11005
MONDO:0011215	HGNC:24725
MONDO:0009014	HGNC:6309
MONDO:0007572	HGNC:29605
MONDO:0007572	HGNC:3416
MONDO:0000909	HGNC:2027
MONDO:0013131	HGNC:9009
MONDO:0013133	HGNC:6929
MONDO:0011213	HGNC:29529
MONDO:0012573	HGNC:10250
MONDO:0011351	HGNC:11720
MONDO:0012574	HGNC:27310
MONDO:0030979	HGNC:3342
MONDO:0859356	HGNC:21690
MONDO:0030971	HGNC:12016
MONDO:0008115	HGNC:7559
MONDO:0012575	HGNC:10891
MONDO:0859361	HGNC:621
MONDO:0859366	HGNC:18533
MONDO:0030994	HGNC:2553
MONDO:0859365	HGNC:17992
MONDO:0024546	HGNC:5154
MONDO:0007411	HGNC:3327
MONDO:0007158	HGNC:26270
MONDO:0031001	HGNC:2200
MONDO:0020609	HGNC:633
MONDO:0030999	HGNC:19274
MONDO:0859374	HGNC:33914
MONDO:0859371	HGNC:15719
MONDO:0007157	HGNC:12011
MONDO:0030989	HGNC:28494
MONDO:0031006	HGNC:10680
MONDO:0008114	HGNC:5293
MONDO:0859380	HGNC:28497
MONDO:0859376	HGNC:11104
MONDO:0011498	HGNC:2888
MONDO:0031010	HGNC:24008
MONDO:0011789	HGNC:11109
MONDO:0011789	HGNC:7773
MONDO:0030894	HGNC:253
MONDO:0030895	HGNC:16859
MONDO:0859325	HGNC:24824
MONDO:0700248	HGNC:6413
MONDO:0030898	HGNC:29002
MONDO:0030937	HGNC:10683
MONDO:0011804	HGNC:1509
MONDO:0019148	HGNC:6617
MONDO:0859328	HGNC:19903
MONDO:0030903	HGNC:18561
MONDO:0030902	HGNC:7706
MONDO:0030924	HGNC:9538
MONDO:0859337	HGNC:16148
MONDO:0030931	HGNC:24929
MONDO:0030933	HGNC:19959
MONDO:0008684	HGNC:12766
MONDO:0008684	HGNC:2494
MONDO:0859342	HGNC:1148
MONDO:0030966	HGNC:5193
MONDO:0044637	HGNC:8772
MONDO:0859578	HGNC:3666
MONDO:0009953	HGNC:20197
MONDO:0007672	HGNC:14373
MONDO:0009588	HGNC:10853
MONDO:0014276	HGNC:1675
MONDO:0014838	HGNC:11109
MONDO:0024562	HGNC:10593
MONDO:0859354	HGNC:12348
MONDO:0012359	HGNC:9831
MONDO:0014843	HGNC:3438
MONDO:0014842	HGNC:29529
MONDO:0011797	HGNC:443
MONDO:0014844	HGNC:28852
MONDO:0014850	HGNC:17341
MONDO:0014284	HGNC:30391
MONDO:0014285	HGNC:26929
MONDO:0100255	HGNC:257
MONDO:0013679	HGNC:6696
MONDO:0013678	HGNC:31555
MONDO:0010758	HGNC:24931
MONDO:0013686	HGNC:1529
MONDO:0014295	HGNC:11758
MONDO:0013695	HGNC:11773
MONDO:0014297	HGNC:8788
MONDO:0800187	HGNC:11849
MONDO:0013077	HGNC:12786
MONDO:0013699	HGNC:9122
MONDO:0014300	HGNC:1530
MONDO:0009689	HGNC:1912
MONDO:0007573	HGNC:3431
MONDO:0014303	HGNC:3363
MONDO:0008210	HGNC:9942
MONDO:0013710	HGNC:7329
MONDO:0010995	HGNC:16841
MONDO:0024464	HGNC:9210
MONDO:0009749	HGNC:4137
MONDO:0009748	HGNC:1618
MONDO:0010987	HGNC:11877
MONDO:0008018	HGNC:7127
MONDO:0008018	HGNC:7325
MONDO:0007571	HGNC:10597
MONDO:0014273	HGNC:11536
MONDO:0013664	HGNC:385
MONDO:0007767	HGNC:7010
MONDO:0007363	HGNC:11768
MONDO:0007363	HGNC:10896
MONDO:0007363	HGNC:14107
MONDO:0007363	HGNC:757
MONDO:0007363	HGNC:13444
MONDO:0007363	HGNC:11769
MONDO:0007363	HGNC:11773
MONDO:0008791	HGNC:16280
MONDO:0011339	HGNC:28984
MONDO:0011336	HGNC:11429
MONDO:0044224	HGNC:14639
MONDO:0012546	HGNC:17175
MONDO:0010635	HGNC:6211
MONDO:0008263	HGNC:9008
MONDO:0010565	HGNC:9936
MONDO:0021018	HGNC:14888
MONDO:0012554	HGNC:3433
MONDO:0010134	HGNC:6256
MONDO:0010134	HGNC:3815
MONDO:0010134	HGNC:8818
MONDO:0030843	HGNC:9122
MONDO:0030854	HGNC:2197
MONDO:0030847	HGNC:29824
MONDO:0030859	HGNC:29253
MONDO:0030860	HGNC:15832
MONDO:0011766	HGNC:2865
MONDO:0007154	HGNC:6407
MONDO:0859311	HGNC:6182
MONDO:0030864	HGNC:24641
MONDO:0012029	HGNC:17272
MONDO:0030893	HGNC:6215
MONDO:0859323	HGNC:25187
MONDO:0859321	HGNC:12590
MONDO:0859320	HGNC:7702
MONDO:0012025	HGNC:10887
MONDO:0033572	HGNC:28287
MONDO:0859285	HGNC:11868
MONDO:0031052	HGNC:25640
MONDO:0008630	HGNC:1957
MONDO:0024538	HGNC:8804
MONDO:0024538	HGNC:8800
MONDO:0008682	HGNC:12796
MONDO:0009682	HGNC:14562
MONDO:0031062	HGNC:20266
MONDO:0008679	HGNC:4452
MONDO:0033658	HGNC:23214
MONDO:0100217	HGNC:3004
MONDO:0033657	HGNC:2158
MONDO:0033662	HGNC:24659
MONDO:0033643	HGNC:17057
MONDO:0012041	HGNC:6919
MONDO:0012041	HGNC:11389
MONDO:0012041	HGNC:1076
MONDO:0012041	HGNC:583
MONDO:0014779	HGNC:9966
MONDO:0008967	HGNC:451
MONDO:0859293	HGNC:28662
MONDO:0033668	HGNC:21088
MONDO:0007688	HGNC:6770
MONDO:0012039	HGNC:3531
MONDO:0014784	HGNC:28033
MONDO:0011776	HGNC:16400
MONDO:0859573	HGNC:6485
MONDO:0014787	HGNC:25491
MONDO:0009947	HGNC:4624
MONDO:0014790	HGNC:18085
MONDO:0014789	HGNC:28178
MONDO:0009946	HGNC:17820
MONDO:0014793	HGNC:10545
MONDO:0014792	HGNC:29277
MONDO:0014797	HGNC:28993
MONDO:0014223	HGNC:3432
MONDO:0014222	HGNC:8977
MONDO:0014798	HGNC:1077
MONDO:0009472	HGNC:7646
MONDO:0014801	HGNC:5244
MONDO:0014799	HGNC:23801
MONDO:0014230	HGNC:1343
MONDO:0007094	HGNC:6490
MONDO:0010235	HGNC:6990
MONDO:0009240	HGNC:3974
MONDO:0013623	HGNC:14388
MONDO:0013628	HGNC:17893
MONDO:0014807	HGNC:24268
MONDO:0013627	HGNC:25367
MONDO:0013630	HGNC:24123
MONDO:0010239	HGNC:2714
MONDO:0014237	HGNC:26703
MONDO:0013634	HGNC:888
MONDO:0014243	HGNC:6814
MONDO:0007093	HGNC:2916
MONDO:0009439	HGNC:430
MONDO:0014813	HGNC:26938
MONDO:0014815	HGNC:19263
MONDO:0014250	HGNC:9446
MONDO:0013642	HGNC:17104
MONDO:0014816	HGNC:17797
MONDO:0010233	HGNC:3754
MONDO:0031481	HGNC:18550
MONDO:0014254	HGNC:8615
MONDO:0014255	HGNC:1037
MONDO:0014820	HGNC:8140
MONDO:0007270	HGNC:11947
MONDO:0014258	HGNC:753
MONDO:0013651	HGNC:2372
MONDO:0010227	HGNC:10295
MONDO:0024547	HGNC:6107
MONDO:0011202	HGNC:28396
MONDO:0013594	HGNC:15911
MONDO:0014210	HGNC:494
MONDO:0013598	HGNC:4223
MONDO:0009866	HGNC:8724
MONDO:0013607	HGNC:4171
MONDO:0008192	HGNC:10683
MONDO:0009443	HGNC:14637
MONDO:0013615	HGNC:5967
MONDO:0011484	HGNC:10484
MONDO:0007052	HGNC:358
MONDO:0008464	HGNC:2918
MONDO:0008057	HGNC:9388
MONDO:0009364	HGNC:19743
MONDO:0011479	HGNC:11048
MONDO:0008566	HGNC:7989
MONDO:0008566	HGNC:17382
MONDO:0010089	HGNC:11460
MONDO:0100221	HGNC:11289
MONDO:0012536	HGNC:2379
MONDO:0859276	HGNC:9369
MONDO:0012538	HGNC:1875
MONDO:0012539	HGNC:28396
MONDO:0008305	HGNC:4979
MONDO:0009365	HGNC:26558
MONDO:0009366	HGNC:26684
MONDO:0021020	HGNC:12530
MONDO:0033570	HGNC:14511
MONDO:0033569	HGNC:17920
MONDO:0859280	HGNC:16712
MONDO:0031040	HGNC:12712
MONDO:0012004	HGNC:16783
MONDO:0007843	HGNC:7133
MONDO:0011762	HGNC:16378
MONDO:0007390	HGNC:2623
MONDO:0007390	HGNC:23663
MONDO:0800046	HGNC:30972
MONDO:0011760	HGNC:5391
MONDO:0008097	HGNC:5173
MONDO:0008333	HGNC:57
MONDO:0012012	HGNC:12840
MONDO:0014741	HGNC:17327
MONDO:0014739	HGNC:7029
MONDO:0012322	HGNC:12873
MONDO:0014743	HGNC:9719
MONDO:0026765	HGNC:18305
MONDO:0014746	HGNC:20862
MONDO:0014745	HGNC:2190
MONDO:0012314	HGNC:6263
MONDO:0012313	HGNC:6294
MONDO:0025351	HGNC:25402
MONDO:0025354	HGNC:26708
MONDO:0014756	HGNC:29945
MONDO:0014755	HGNC:6891
MONDO:0007485	HGNC:11730
MONDO:0014759	HGNC:5028
MONDO:0010520	HGNC:2207
MONDO:0009720	HGNC:4452
MONDO:0014172	HGNC:23044
MONDO:0014175	HGNC:10990
MONDO:0014762	HGNC:14357
MONDO:0008222	HGNC:6263
MONDO:0015601	HGNC:9173
MONDO:0014177	HGNC:26575
MONDO:0026733	HGNC:29873
MONDO:0014763	HGNC:4012
MONDO:0014764	HGNC:21033
MONDO:0014181	HGNC:5031
MONDO:0014182	HGNC:26158
MONDO:0014184	HGNC:26230
MONDO:0014766	HGNC:29515
MONDO:0013576	HGNC:5716
MONDO:0014187	HGNC:9414
MONDO:0008401	HGNC:9045
MONDO:0014191	HGNC:12261
MONDO:0008654	HGNC:3671
MONDO:0014771	HGNC:29068
MONDO:0014194	HGNC:2579
MONDO:0007932	HGNC:34
MONDO:0013590	HGNC:2217
MONDO:0013591	HGNC:2217
MONDO:0021571	HGNC:4944
MONDO:0013528	HGNC:4551
MONDO:0013535	HGNC:4805
MONDO:0013540	HGNC:4171
MONDO:0009015	HGNC:16438
MONDO:0009885	HGNC:25240
MONDO:0013544	HGNC:4279
MONDO:0008490	HGNC:10994
MONDO:0008490	HGNC:6259
MONDO:0008490	HGNC:19317
MONDO:0008490	HGNC:13869
MONDO:0013548	HGNC:94
MONDO:0013549	HGNC:26742
MONDO:0010671	HGNC:20893
MONDO:0010671	HGNC:18704
MONDO:0024781	HGNC:15975
MONDO:0009715	HGNC:2019
MONDO:0859083	HGNC:15631
MONDO:0013556	HGNC:15844
MONDO:0010752	HGNC:12874
MONDO:0010752	HGNC:3583
MONDO:0859085	HGNC:11616
MONDO:0012997	HGNC:11957
MONDO:0007289	HGNC:4204
MONDO:0013563	HGNC:8967
MONDO:0013564	HGNC:5141
MONDO:0013566	HGNC:20748
MONDO:0013573	HGNC:29669
MONDO:0008992	HGNC:27230
MONDO:0012512	HGNC:12367
MONDO:0007366	HGNC:6297
MONDO:0009562	HGNC:6831
MONDO:0007892	HGNC:9587
MONDO:0011982	HGNC:11764
MONDO:0011982	HGNC:19899
MONDO:0012747	HGNC:414
MONDO:0012748	HGNC:2942
MONDO:0012753	HGNC:483
MONDO:0012503	HGNC:12014
MONDO:1040014	HGNC:9247
MONDO:0011998	HGNC:14103
MONDO:0700301	HGNC:30632
MONDO:0008564	HGNC:11592
MONDO:0010767	HGNC:14024
MONDO:0010767	HGNC:15965
MONDO:0010767	HGNC:15964
MONDO:0009359	HGNC:1161
MONDO:0976265	HGNC:26933
MONDO:0012295	HGNC:1331
MONDO:0033483	HGNC:3415
MONDO:0012292	HGNC:1606
MONDO:0012293	HGNC:14674
MONDO:0012291	HGNC:18153
MONDO:0976268	HGNC:7595
MONDO:0060666	HGNC:2494
MONDO:0033375	HGNC:29239
MONDO:0008119	HGNC:10548
MONDO:0012287	HGNC:2200
MONDO:0054776	HGNC:10590
MONDO:0014706	HGNC:9722
MONDO:0014705	HGNC:12872
MONDO:0014709	HGNC:8859
MONDO:0014711	HGNC:4816
MONDO:0014712	HGNC:17861
MONDO:0054731	HGNC:20091
MONDO:0054791	HGNC:22407
MONDO:0014713	HGNC:3631
MONDO:0014717	HGNC:13993
MONDO:0014128	HGNC:11623
MONDO:0009659	HGNC:4122
MONDO:0060702	HGNC:25640
MONDO:0014719	HGNC:6176
MONDO:0060704	HGNC:25072
MONDO:0975827	HGNC:23019
MONDO:0060707	HGNC:24713
MONDO:0054801	HGNC:4827
MONDO:0014131	HGNC:18621
MONDO:0008025	HGNC:30171
MONDO:0008426	HGNC:29673
MONDO:0008426	HGNC:9853
MONDO:0008426	HGNC:25835
MONDO:0008426	HGNC:18625
MONDO:0008426	HGNC:11772
MONDO:0008426	HGNC:6769
MONDO:0008426	HGNC:14107
MONDO:0008426	HGNC:3219
MONDO:0008426	HGNC:757
MONDO:0008426	HGNC:19880
MONDO:0008426	HGNC:11769
MONDO:0008426	HGNC:11773
MONDO:0008426	HGNC:1044
MONDO:0958178	HGNC:2890
MONDO:0060714	HGNC:3680
MONDO:0957202	HGNC:26047
MONDO:0035133	HGNC:15673
MONDO:0020837	HGNC:19684
MONDO:0011311	HGNC:17185
MONDO:0970943	HGNC:2582
MONDO:0014134	HGNC:6774
MONDO:0958030	HGNC:23357
MONDO:0014135	HGNC:1527
MONDO:0013527	HGNC:17619
MONDO:0013526	HGNC:4431
MONDO:0100303	HGNC:6413
MONDO:0030471	HGNC:20356
MONDO:0030608	HGNC:10798
MONDO:0957954	HGNC:3446
MONDO:0030619	HGNC:23302
MONDO:0008972	HGNC:8860
MONDO:0010839	HGNC:18083
MONDO:0030483	HGNC:11599
MONDO:0030484	HGNC:16422
MONDO:0032665	HGNC:25980
MONDO:0032666	HGNC:686
MONDO:0859207	HGNC:12499
MONDO:0032668	HGNC:10310
MONDO:0957978	HGNC:19691
MONDO:0957985	HGNC:6743
MONDO:0020788	HGNC:799
MONDO:0957981	HGNC:16031
MONDO:0009395	HGNC:13771
MONDO:0030498	HGNC:9954
MONDO:0859212	HGNC:11953
MONDO:0020777	HGNC:29500
MONDO:0957993	HGNC:10451
MONDO:0032677	HGNC:13664
MONDO:0957992	HGNC:14027
MONDO:0859213	HGNC:6768
MONDO:0030503	HGNC:29255
MONDO:0030506	HGNC:28971
MONDO:0030634	HGNC:20
MONDO:0032680	HGNC:2557
MONDO:0014861	HGNC:12858
MONDO:0958000	HGNC:9857
MONDO:0957997	HGNC:15461
MONDO:0032689	HGNC:348
MONDO:0014865	HGNC:2439
MONDO:0014864	HGNC:20858
MONDO:0030508	HGNC:27729
MONDO:0032687	HGNC:26033
MONDO:0958012	HGNC:3976
MONDO:0032692	HGNC:29914
MONDO:0958009	HGNC:19693
MONDO:0859216	HGNC:25956
MONDO:0030512	HGNC:25358
MONDO:0030513	HGNC:9437
MONDO:0032699	HGNC:10259
MONDO:0014874	HGNC:16791
MONDO:0032696	HGNC:13188
MONDO:0014875	HGNC:1395
MONDO:0030523	HGNC:28521
MONDO:0030524	HGNC:25239
MONDO:0859220	HGNC:17380
MONDO:0032702	HGNC:11105
MONDO:0032703	HGNC:23088
MONDO:0100092	HGNC:10596
MONDO:0010554	HGNC:11600
MONDO:0958202	HGNC:21625
MONDO:0009338	HGNC:5401
MONDO:0958035	HGNC:28569
MONDO:0010818	HGNC:2343
MONDO:0032712	HGNC:14049
MONDO:0014880	HGNC:6408
MONDO:0014883	HGNC:3756
MONDO:0014884	HGNC:7967
MONDO:0023693	HGNC:2698
MONDO:0100103	HGNC:26594
MONDO:0014887	HGNC:27030
MONDO:0032716	HGNC:14430
MONDO:0032717	HGNC:13764
MONDO:0014891	HGNC:18276
MONDO:0100104	HGNC:8067
MONDO:0014894	HGNC:1739
MONDO:0032723	HGNC:14078
MONDO:0032725	HGNC:4087
MONDO:0032726	HGNC:29682
MONDO:0021021	HGNC:13771
MONDO:0009251	HGNC:3606
MONDO:0013890	HGNC:14153
MONDO:0014906	HGNC:16877
MONDO:0024530	HGNC:2211
MONDO:0009839	HGNC:6893
MONDO:0007395	HGNC:8617
MONDO:0013893	HGNC:11916
MONDO:0013896	HGNC:24519
MONDO:0013894	HGNC:24488
MONDO:0010305	HGNC:11055
MONDO:0013866	HGNC:4601
MONDO:0013867	HGNC:30224
MONDO:0010183	HGNC:23038
MONDO:0013869	HGNC:626
MONDO:0009372	HGNC:6469
MONDO:0013871	HGNC:25815
MONDO:0007164	HGNC:12642
MONDO:0008514	HGNC:4274
MONDO:0013256	HGNC:19353
MONDO:0013878	HGNC:11730
MONDO:0013259	HGNC:10013
MONDO:0011668	HGNC:7762
MONDO:0010297	HGNC:3754
MONDO:0013885	HGNC:7788
MONDO:0008123	HGNC:4040
MONDO:0012803	HGNC:12266
MONDO:0011508	HGNC:989
MONDO:0011508	HGNC:1500
MONDO:0012805	HGNC:11005
MONDO:0008970	HGNC:9608
MONDO:0011504	HGNC:17619
MONDO:0010619	HGNC:8918
MONDO:0011658	HGNC:16369
MONDO:0013278	HGNC:17494
MONDO:0007221	HGNC:4220
MONDO:0013281	HGNC:18620
MONDO:0011881	HGNC:6412
MONDO:0013282	HGNC:8941
MONDO:0013284	HGNC:17755
MONDO:0013286	HGNC:1701
MONDO:0011879	HGNC:2711
MONDO:0012162	HGNC:2509
MONDO:0008404	HGNC:18249
MONDO:0007705	HGNC:4827
MONDO:0007488	HGNC:4177
MONDO:0011874	HGNC:2032
MONDO:0009249	HGNC:417
MONDO:0009261	HGNC:4298
MONDO:0012124	HGNC:12382
MONDO:0010808	HGNC:9449
MONDO:0030549	HGNC:26158
MONDO:0859185	HGNC:4398
MONDO:0010806	HGNC:17340
MONDO:0042979	HGNC:1397
MONDO:0859189	HGNC:4249
MONDO:0957779	HGNC:4070
MONDO:0957594	HGNC:126
MONDO:0030430	HGNC:2941
MONDO:0957790	HGNC:9065
MONDO:0011058	HGNC:2180
MONDO:0009448	HGNC:18762
MONDO:0020671	HGNC:7876
MONDO:0020671	HGNC:436
MONDO:0030440	HGNC:25295
MONDO:0971007	HGNC:29217
MONDO:0032599	HGNC:5960
MONDO:0011054	HGNC:11603
MONDO:0957812	HGNC:6254
MONDO:0957813	HGNC:11273
MONDO:0030489	HGNC:6442
MONDO:0032608	HGNC:7714
MONDO:0957822	HGNC:26520
MONDO:0957820	HGNC:18619
MONDO:0032610	HGNC:7707
MONDO:0032611	HGNC:7708
MONDO:0009804	HGNC:2198
MONDO:0010802	HGNC:4174
MONDO:0030455	HGNC:1361
MONDO:0030456	HGNC:6189
MONDO:0044204	HGNC:19440
MONDO:0032622	HGNC:28625
MONDO:0032629	HGNC:7698
MONDO:0032630	HGNC:7693
MONDO:0032623	HGNC:29918
MONDO:0032624	HGNC:26927
MONDO:0958197	HGNC:7708
MONDO:0030462	HGNC:21424
MONDO:0032635	HGNC:7703
MONDO:0800025	HGNC:29022
MONDO:0957928	HGNC:3817
MONDO:0011390	HGNC:12338
MONDO:0032643	HGNC:29932
MONDO:0032644	HGNC:16920
MONDO:0030465	HGNC:19366
MONDO:0032642	HGNC:9314
MONDO:0957935	HGNC:29622
MONDO:0011264	HGNC:20856
MONDO:0032655	HGNC:6897
MONDO:0032656	HGNC:6222
MONDO:0032657	HGNC:1392
MONDO:0032660	HGNC:17208
MONDO:0032661	HGNC:2989
MONDO:0009868	HGNC:8927
MONDO:0032592	HGNC:25686
MONDO:0032591	HGNC:14006
MONDO:0009367	HGNC:7108
MONDO:0014399	HGNC:8729
MONDO:0020750	HGNC:17761
MONDO:0032596	HGNC:10979
MONDO:0014400	HGNC:17349
MONDO:0044220	HGNC:4204
MONDO:0014408	HGNC:1583
MONDO:0014406	HGNC:23734
MONDO:0013822	HGNC:8783
MONDO:0014409	HGNC:26988
MONDO:0013827	HGNC:11051
MONDO:0014412	HGNC:24945
MONDO:0013828	HGNC:4329
MONDO:0014421	HGNC:7978
MONDO:0014422	HGNC:11976
MONDO:0014425	HGNC:317
MONDO:0013218	HGNC:21641
MONDO:0013835	HGNC:37276
MONDO:0010318	HGNC:1497
MONDO:0014431	HGNC:6621
MONDO:0013836	HGNC:20233
MONDO:0013840	HGNC:25302
MONDO:0014442	HGNC:28396
MONDO:0014442	HGNC:29021
MONDO:0013843	HGNC:4688
MONDO:0013842	HGNC:5208
MONDO:0013851	HGNC:11303
MONDO:0044660	HGNC:5286
MONDO:0012783	HGNC:30220
MONDO:0012786	HGNC:23094
MONDO:0008334	HGNC:4933
MONDO:0013245	HGNC:13890
MONDO:0012138	HGNC:6511
MONDO:0013248	HGNC:9820
MONDO:0012794	HGNC:21863
MONDO:0007055	HGNC:3603
MONDO:0009962	HGNC:7905
MONDO:0008771	HGNC:23015
MONDO:0009434	HGNC:914
MONDO:0009699	HGNC:1665
MONDO:0010010	HGNC:15573
MONDO:0030317	HGNC:26178
MONDO:0859167	HGNC:6262
MONDO:0020507	HGNC:3257
MONDO:0011025	HGNC:779
MONDO:0007471	HGNC:3218
MONDO:0957308	HGNC:20361
MONDO:0008408	HGNC:18083
MONDO:0007589	HGNC:4042
MONDO:0030330	HGNC:9787
MONDO:0020850	HGNC:18039
MONDO:0957385	HGNC:17359
MONDO:0957382	HGNC:4208
MONDO:0020848	HGNC:29017
MONDO:0011245	HGNC:4284
MONDO:0011018	HGNC:6716
MONDO:0030334	HGNC:15594
MONDO:0009820	HGNC:15517
MONDO:0009820	HGNC:15625
MONDO:0009820	HGNC:24008
MONDO:0009820	HGNC:8548
MONDO:0009820	HGNC:12776
MONDO:0009820	HGNC:19316
MONDO:0009820	HGNC:8546
MONDO:0009820	HGNC:1546
MONDO:0009820	HGNC:16644
MONDO:0009820	HGNC:26185
MONDO:0009820	HGNC:2379
MONDO:0009820	HGNC:18345
MONDO:0009820	HGNC:18169
MONDO:0009820	HGNC:17321
MONDO:0009820	HGNC:6597
MONDO:0009820	HGNC:15455
MONDO:0009820	HGNC:6697
MONDO:0009821	HGNC:22140
MONDO:0011244	HGNC:7788
MONDO:0029130	HGNC:4317
MONDO:0957497	HGNC:11365
MONDO:0009520	HGNC:5005
MONDO:0030346	HGNC:12003
MONDO:0029135	HGNC:25902
MONDO:0859174	HGNC:555
MONDO:0859172	HGNC:10009
MONDO:0029134	HGNC:27089
MONDO:0859173	HGNC:4398
MONDO:0957544	HGNC:9059
MONDO:0008196	HGNC:18083
MONDO:0957539	HGNC:16831
MONDO:0957537	HGNC:26223
MONDO:0029142	HGNC:3496
MONDO:0030354	HGNC:30299
MONDO:0030355	HGNC:2979
MONDO:0029143	HGNC:1596
MONDO:0030356	HGNC:29110
MONDO:0029141	HGNC:24102
MONDO:0958196	HGNC:855
MONDO:0859180	HGNC:29956
MONDO:0019407	HGNC:18620
MONDO:0030537	HGNC:13879
MONDO:0011240	HGNC:8975
MONDO:0029148	HGNC:21675
MONDO:0032564	HGNC:219
MONDO:0008785	HGNC:26054
MONDO:0100433	HGNC:132
MONDO:0010066	HGNC:6502
MONDO:0030366	HGNC:14202
MONDO:0007540	HGNC:7010
MONDO:0957577	HGNC:9280
MONDO:0957576	HGNC:9308
MONDO:0957584	HGNC:14967
MONDO:0032578	HGNC:2510
MONDO:0957593	HGNC:161
MONDO:0054843	HGNC:28188
MONDO:0030313	HGNC:32621
MONDO:0009815	HGNC:11647
MONDO:0957279	HGNC:13552
MONDO:0957278	HGNC:7199
MONDO:0054847	HGNC:16854
MONDO:0054850	HGNC:29914
MONDO:0007334	HGNC:6121
MONDO:0011381	HGNC:4827
MONDO:0032526	HGNC:11427
MONDO:0054860	HGNC:2180
MONDO:0054862	HGNC:23168
MONDO:0014356	HGNC:21237
MONDO:0010737	HGNC:23068
MONDO:0014358	HGNC:25230
MONDO:0011638	HGNC:3999
MONDO:0007309	HGNC:9118
MONDO:0011843	HGNC:11610
MONDO:0007374	HGNC:30791
MONDO:0011840	HGNC:2472
MONDO:0014366	HGNC:20997
MONDO:0014367	HGNC:18873
MONDO:0014369	HGNC:4318
MONDO:0012123	HGNC:3005
MONDO:0007307	HGNC:7225
MONDO:0014373	HGNC:3334
MONDO:0014374	HGNC:17966
MONDO:0012118	HGNC:18622
MONDO:0007845	HGNC:6018
MONDO:0010717	HGNC:8806
MONDO:0009673	HGNC:11117
MONDO:0014383	HGNC:25896
MONDO:0008267	HGNC:25360
MONDO:0013185	HGNC:11847
MONDO:0014387	HGNC:21022
MONDO:0013800	HGNC:18625
MONDO:0013188	HGNC:1382
MONDO:0011829	HGNC:25223
MONDO:0010740	HGNC:13339
MONDO:0012111	HGNC:7584
MONDO:0013810	HGNC:18621
MONDO:0013196	HGNC:11529
MONDO:0013202	HGNC:11190
MONDO:0013203	HGNC:11634
MONDO:0013206	HGNC:11642
MONDO:0013208	HGNC:25355
MONDO:0013211	HGNC:11947
MONDO:0013212	HGNC:20
MONDO:0010218	HGNC:11204
MONDO:0007434	HGNC:9608
MONDO:0013170	HGNC:6717
MONDO:0013173	HGNC:30832
MONDO:0007738	HGNC:15517
MONDO:0007738	HGNC:10896
MONDO:0011003	HGNC:10593
MONDO:0011236	HGNC:4195
MONDO:0011232	HGNC:800
MONDO:0009454	HGNC:2979
MONDO:0009227	HGNC:8804
MONDO:0007785	HGNC:12405
MONDO:0008438	HGNC:11233
MONDO:0008437	HGNC:11231
MONDO:0011225	HGNC:17642
MONDO:0011369	HGNC:20001
MONDO:0030261	HGNC:17286
MONDO:0011223	HGNC:445
MONDO:0010997	HGNC:6893
MONDO:0859142	HGNC:9839
MONDO:0009491	HGNC:2528
MONDO:0859144	HGNC:10857
MONDO:0030263	HGNC:14121
MONDO:0030270	HGNC:1850
MONDO:0030268	HGNC:10585
MONDO:0859146	HGNC:13051
MONDO:0957218	HGNC:12729
MONDO:0859150	HGNC:2303
MONDO:0008195	HGNC:10591
MONDO:0025701	HGNC:8514
MONDO:0957872	HGNC:3260
MONDO:0957870	HGNC:3258
MONDO:0859152	HGNC:20043
MONDO:0054813	HGNC:303
MONDO:0036212	HGNC:26222
MONDO:0957221	HGNC:6898
MONDO:0011218	HGNC:11344
MONDO:0008822	HGNC:12712
MONDO:0859156	HGNC:20218
MONDO:0044777	HGNC:4224
MONDO:0060729	HGNC:2088
MONDO:0010549	HGNC:4283
MONDO:0011364	HGNC:16035
MONDO:0859158	HGNC:9218
MONDO:0859159	HGNC:9549
MONDO:0025712	HGNC:9071
MONDO:0025713	HGNC:3656
MONDO:0054833	HGNC:799
MONDO:0030296	HGNC:15754
MONDO:0008769	HGNC:2073
MONDO:0957249	HGNC:373
MONDO:0054700	HGNC:20330
MONDO:0008746	HGNC:6929
MONDO:0007352	HGNC:8616
MONDO:0030312	HGNC:12713
MONDO:0030311	HGNC:15910
MONDO:0020841	HGNC:21701
MONDO:0957267	HGNC:17474
MONDO:0957268	HGNC:10993
MONDO:0030996	HGNC:6156
MONDO:0010275	HGNC:8768
MONDO:0100460	HGNC:11049
MONDO:0019947	HGNC:1529
MONDO:0010278	HGNC:11079
MONDO:0011630	HGNC:25808
MONDO:0011631	HGNC:10909
MONDO:0010120	HGNC:4036
MONDO:0010268	HGNC:18060
MONDO:0007168	HGNC:3755
MONDO:0859527	HGNC:19987
MONDO:0011628	HGNC:8654
MONDO:0014309	HGNC:28209
MONDO:0009644	HGNC:7193
MONDO:0014310	HGNC:24200
MONDO:0007171	HGNC:4279
MONDO:0012099	HGNC:794
MONDO:0012097	HGNC:29659
MONDO:0008818	HGNC:9853
MONDO:0008818	HGNC:11772
MONDO:0008818	HGNC:6769
MONDO:0008818	HGNC:6716
MONDO:0008818	HGNC:7944
MONDO:0008818	HGNC:6768
MONDO:0010526	HGNC:4296
MONDO:0014327	HGNC:20406
MONDO:0013737	HGNC:18986
MONDO:0012096	HGNC:30171
MONDO:0009809	HGNC:7166
MONDO:0007875	HGNC:923
MONDO:0007875	HGNC:930
MONDO:0013740	HGNC:20581
MONDO:0011816	HGNC:10547
MONDO:0013743	HGNC:2959
MONDO:0010213	HGNC:2718
MONDO:0014333	HGNC:4512
MONDO:0012091	HGNC:1718
MONDO:0010185	HGNC:25221
MONDO:0014335	HGNC:9751
MONDO:0013750	HGNC:1987
MONDO:0013135	HGNC:11445
MONDO:0013134	HGNC:8024
MONDO:0013749	HGNC:2488
MONDO:0013137	HGNC:9942
MONDO:0013140	HGNC:14558
MONDO:0012085	HGNC:2950
MONDO:0012381	HGNC:6091
MONDO:0800047	HGNC:16257
MONDO:0010215	HGNC:3436
MONDO:0013143	HGNC:5181
MONDO:0013144	HGNC:775
MONDO:0013757	HGNC:11796
MONDO:0013146	HGNC:20665
MONDO:0008705	HGNC:123
MONDO:0013767	HGNC:7989
MONDO:0013770	HGNC:4174
MONDO:0013154	HGNC:19743
MONDO:0013774	HGNC:23399
MONDO:0013155	HGNC:19139
MONDO:0013772	HGNC:95
MONDO:0013160	HGNC:19743
MONDO:0013159	HGNC:9202
MONDO:0013161	HGNC:19139
MONDO:0007470	HGNC:28395
MONDO:0013164	HGNC:16297
MONDO:0013779	HGNC:12736
MONDO:0013784	HGNC:21701
MONDO:0009437	HGNC:3806
MONDO:0032896	HGNC:29936
MONDO:0011715	HGNC:9891
MONDO:0009413	HGNC:17755
MONDO:0009413	HGNC:5351
MONDO:0009413	HGNC:1633
MONDO:0044315	HGNC:6772
MONDO:0011714	HGNC:1527
MONDO:0032908	HGNC:7180
MONDO:0032906	HGNC:8756
MONDO:0032916	HGNC:17101
MONDO:0008641	HGNC:12269
MONDO:0033004	HGNC:9016
MONDO:0020684	HGNC:1246
MONDO:0054582	HGNC:17748
MONDO:0014505	HGNC:4586
MONDO:0060491	HGNC:4389
MONDO:0010420	HGNC:397
MONDO:0010423	HGNC:2568
MONDO:0014514	HGNC:29673
MONDO:0020735	HGNC:4392
MONDO:0008178	HGNC:12666
MONDO:0007524	HGNC:25835
MONDO:0007524	HGNC:11768
MONDO:0007524	HGNC:10896
MONDO:0007524	HGNC:3219
MONDO:0007524	HGNC:19880
MONDO:0007524	HGNC:6664
MONDO:0007524	HGNC:1044
MONDO:0010408	HGNC:28434
MONDO:0010725	HGNC:10457
MONDO:0019567	HGNC:2209
MONDO:0010415	HGNC:3702
MONDO:0013495	HGNC:23452
MONDO:0011163	HGNC:1397
MONDO:0013500	HGNC:5985
MONDO:0013502	HGNC:18969
MONDO:0013505	HGNC:19414
MONDO:0007792	HGNC:4379
MONDO:0010915	HGNC:23212
MONDO:0012919	HGNC:11621
MONDO:0013467	HGNC:3625
MONDO:0012637	HGNC:6545
MONDO:0013478	HGNC:9076
MONDO:0013477	HGNC:29557
MONDO:0012937	HGNC:10360
MONDO:0012939	HGNC:10440
MONDO:0100250	HGNC:11311
MONDO:0009502	HGNC:2896
MONDO:0009503	HGNC:21350
MONDO:0009501	HGNC:10922
MONDO:0012945	HGNC:16873
MONDO:0016862	HGNC:6188
MONDO:0009759	HGNC:1149
MONDO:0012953	HGNC:9175
MONDO:0011408	HGNC:6323
MONDO:0007097	HGNC:4620
MONDO:0011403	HGNC:3057
MONDO:0007883	HGNC:12754
MONDO:0010607	HGNC:12874
MONDO:0010606	HGNC:9091
MONDO:0011558	HGNC:26257
MONDO:0011397	HGNC:2976
MONDO:0011724	HGNC:11005
MONDO:0032883	HGNC:24156
MONDO:0032884	HGNC:667
MONDO:0032880	HGNC:4433
MONDO:0011721	HGNC:3097
MONDO:0008290	HGNC:9141
MONDO:0027462	HGNC:857
MONDO:0031000	HGNC:4793
MONDO:0032839	HGNC:17271
MONDO:0008954	HGNC:9719
MONDO:0032841	HGNC:13281
MONDO:0700298	HGNC:25221
MONDO:0859263	HGNC:15772
MONDO:0015015	HGNC:120
MONDO:0032842	HGNC:16135
MONDO:0859264	HGNC:9639
MONDO:0975801	HGNC:40
MONDO:0011938	HGNC:4173
MONDO:0011688	HGNC:17997
MONDO:0859265	HGNC:865
MONDO:0859266	HGNC:17300
MONDO:0859267	HGNC:6919
MONDO:0015017	HGNC:23228
MONDO:0975807	HGNC:9529
MONDO:0859568	HGNC:11891
MONDO:0009677	HGNC:10809
MONDO:0032851	HGNC:2747
MONDO:0859271	HGNC:31690
MONDO:0015018	HGNC:1502
MONDO:0975833	HGNC:6817
MONDO:0008955	HGNC:3438
MONDO:0015021	HGNC:19087
MONDO:0859273	HGNC:23377
MONDO:0014450	HGNC:9670
MONDO:0975838	HGNC:2750
MONDO:0008673	HGNC:19747
MONDO:0032862	HGNC:32669
MONDO:0975835	HGNC:15939
MONDO:0018160	HGNC:9884
MONDO:0008980	HGNC:16268
MONDO:0032865	HGNC:25265
MONDO:0032864	HGNC:7879
MONDO:0044301	HGNC:3808
MONDO:0018473	HGNC:613
MONDO:0032866	HGNC:24036
MONDO:0008672	HGNC:7765
MONDO:0014457	HGNC:23213
MONDO:0014456	HGNC:26926
MONDO:0014460	HGNC:2799
MONDO:0010574	HGNC:560
MONDO:0054549	HGNC:8858
MONDO:0008173	HGNC:6423
MONDO:0010471	HGNC:13315
MONDO:0014473	HGNC:1856
MONDO:0008174	HGNC:6444
MONDO:0054561	HGNC:30129
MONDO:0010456	HGNC:11752
MONDO:0010455	HGNC:28880
MONDO:0018816	HGNC:18141
MONDO:0014479	HGNC:16192
MONDO:0014481	HGNC:3236
MONDO:0014480	HGNC:16700
MONDO:0010451	HGNC:4226
MONDO:0008751	HGNC:2592
MONDO:0007987	HGNC:2464
MONDO:0007987	HGNC:2219
MONDO:0007987	HGNC:2186
MONDO:0007987	HGNC:6694
MONDO:0007987	HGNC:19317
MONDO:0014482	HGNC:15573
MONDO:0013431	HGNC:24576
MONDO:0013430	HGNC:17151
MONDO:0013435	HGNC:26090
MONDO:0014486	HGNC:16966
MONDO:0014485	HGNC:17035
MONDO:0011144	HGNC:2077
MONDO:0011143	HGNC:4689
MONDO:0010438	HGNC:8957
MONDO:0010437	HGNC:8768
MONDO:0013459	HGNC:1546
MONDO:0007740	HGNC:15517
MONDO:0007740	HGNC:2464
MONDO:0007740	HGNC:2186
MONDO:0007740	HGNC:19317
MONDO:0007740	HGNC:13869
MONDO:0013460	HGNC:17321
MONDO:0011159	HGNC:2187
MONDO:0011160	HGNC:18183
MONDO:0100478	HGNC:7784
MONDO:0011158	HGNC:11920
MONDO:0700090	HGNC:20619
MONDO:0010899	HGNC:1958
MONDO:0009324	HGNC:27960
MONDO:0013403	HGNC:174
MONDO:0013406	HGNC:18286
MONDO:0007340	HGNC:10472
MONDO:0013412	HGNC:12403
MONDO:0013413	HGNC:2151
MONDO:0012904	HGNC:17019
MONDO:0013416	HGNC:32685
MONDO:0012908	HGNC:1339
MONDO:0007294	HGNC:10483
MONDO:0013420	HGNC:2558
MONDO:0013421	HGNC:1353
MONDO:0010476	HGNC:28912
MONDO:0013422	HGNC:1352
MONDO:0012625	HGNC:7974
MONDO:0012626	HGNC:29021
MONDO:0012627	HGNC:4075
MONDO:0011547	HGNC:16171
MONDO:0011544	HGNC:10682
MONDO:0012634	HGNC:14361
MONDO:0011702	HGNC:10807
MONDO:0971178	HGNC:13387
MONDO:0030891	HGNC:814
MONDO:0024555	HGNC:26361
MONDO:0024555	HGNC:17082
MONDO:0971179	HGNC:19880
MONDO:0800104	HGNC:9666
MONDO:0007868	HGNC:15465
MONDO:0975705	HGNC:12997
MONDO:0859258	HGNC:25543
MONDO:0009917	HGNC:10599
MONDO:0030975	HGNC:7327
MONDO:0030968	HGNC:4571
MONDO:0010159	HGNC:7127
MONDO:0975749	HGNC:3766
MONDO:0032833	HGNC:30988
MONDO:0011922	HGNC:4237
MONDO:0011921	HGNC:10669
MONDO:0971016	HGNC:9986
MONDO:0970950	HGNC:2939
MONDO:0007399	HGNC:12428
MONDO:0030736	HGNC:26993
MONDO:0007664	HGNC:7610
MONDO:0011917	HGNC:14258
MONDO:0970994	HGNC:9175
MONDO:0010152	HGNC:16268
MONDO:0011914	HGNC:11194
MONDO:0032795	HGNC:1463
MONDO:0018264	HGNC:20611
MONDO:0800132	HGNC:2960
MONDO:0032797	HGNC:7549
MONDO:0859245	HGNC:9354
MONDO:0010790	HGNC:7498
MONDO:0010790	HGNC:7490
MONDO:0859246	HGNC:3607
MONDO:0020723	HGNC:2606
MONDO:0971150	HGNC:10468
MONDO:0971043	HGNC:12739
MONDO:0014968	HGNC:11582
MONDO:0971002	HGNC:29296
MONDO:0014969	HGNC:1492
MONDO:0971151	HGNC:20932
MONDO:0032809	HGNC:5987
MONDO:0971005	HGNC:7067
MONDO:0032811	HGNC:4689
MONDO:0014974	HGNC:28883
MONDO:0032810	HGNC:8599
MONDO:0008387	HGNC:9005
MONDO:0014979	HGNC:6323
MONDO:0014977	HGNC:22954
MONDO:0971174	HGNC:3642
MONDO:0014986	HGNC:9817
MONDO:0010880	HGNC:175
MONDO:0032822	HGNC:8959
MONDO:0032823	HGNC:564
MONDO:0010351	HGNC:3583
MONDO:0010878	HGNC:17043
MONDO:0014998	HGNC:11724
MONDO:0007450	HGNC:894
MONDO:0020820	HGNC:11946
MONDO:0009994	HGNC:3819
MONDO:0100344	HGNC:10910
MONDO:0021019	HGNC:20145
MONDO:0008961	HGNC:15968
MONDO:0015007	HGNC:29508
MONDO:0008473	HGNC:18083
MONDO:0015006	HGNC:25947
MONDO:0100045	HGNC:18021
MONDO:0013381	HGNC:11231
MONDO:0013384	HGNC:3178
MONDO:0013386	HGNC:27375
MONDO:0008962	HGNC:7602
MONDO:0013390	HGNC:9069
MONDO:0013389	HGNC:15917
MONDO:0013392	HGNC:25519
MONDO:0010370	HGNC:11111
MONDO:0013324	HGNC:9647
MONDO:0013327	HGNC:25155
MONDO:0007963	HGNC:11389
MONDO:0013334	HGNC:1974
MONDO:0013992	HGNC:6554
MONDO:0012860	HGNC:9451
MONDO:0007297	HGNC:6174
MONDO:0011137	HGNC:34
MONDO:0013995	HGNC:45
MONDO:0013338	HGNC:6215
MONDO:0012861	HGNC:24669
MONDO:0013998	HGNC:3233
MONDO:0011132	HGNC:12765
MONDO:0010362	HGNC:8925
MONDO:0100215	HGNC:17800
MONDO:0008048	HGNC:26190
MONDO:0013350	HGNC:9179
MONDO:0013349	HGNC:32456
MONDO:0009076	HGNC:4288
MONDO:0010356	HGNC:897
MONDO:0013354	HGNC:25532
MONDO:0011534	HGNC:4922
MONDO:0013369	HGNC:11947
MONDO:0013370	HGNC:6242
MONDO:0013371	HGNC:9508
MONDO:0010149	HGNC:11653
MONDO:0011528	HGNC:13203
MONDO:0009329	HGNC:19687
MONDO:0011684	HGNC:14374
MONDO:0012891	HGNC:15506
MONDO:0009872	HGNC:1020
MONDO:0012892	HGNC:13520
MONDO:0012892	HGNC:2197
MONDO:0012892	HGNC:23088
MONDO:0012892	HGNC:30301
MONDO:0012892	HGNC:9083
MONDO:0012892	HGNC:18345
MONDO:0012892	HGNC:15516
MONDO:0012892	HGNC:2232
MONDO:0012892	HGNC:452
MONDO:0012607	HGNC:17020
MONDO:0800026	HGNC:9143
MONDO:0008853	HGNC:20670
MONDO:0030721	HGNC:14438
MONDO:0007400	HGNC:3689
MONDO:0030717	HGNC:8978
MONDO:0009073	HGNC:28984
MONDO:0012613	HGNC:25994
MONDO:0030724	HGNC:13552
MONDO:0030726	HGNC:30664
MONDO:0800445	HGNC:27310
MONDO:0971001	HGNC:9538
MONDO:0971013	HGNC:9987
MONDO:0030732	HGNC:18869
MONDO:0971011	HGNC:44
MONDO:0859234	HGNC:11633
MONDO:0007236	HGNC:3519
MONDO:0007236	HGNC:10887
MONDO:0030533	HGNC:15908
MONDO:0030607	HGNC:4765
MONDO:0008293	HGNC:7530
MONDO:0009215	HGNC:3587
MONDO:0009215	HGNC:3588
MONDO:0009215	HGNC:3583
MONDO:0030538	HGNC:6291
MONDO:0958231	HGNC:14957
MONDO:0007397	HGNC:15492
MONDO:0958233	HGNC:2212
MONDO:0007851	HGNC:12723
MONDO:0850514	HGNC:535
MONDO:0032729	HGNC:24152
MONDO:0032730	HGNC:13709
MONDO:0030674	HGNC:1750
MONDO:0958239	HGNC:4043
MONDO:0030680	HGNC:941
MONDO:0032736	HGNC:28380
MONDO:0958238	HGNC:30142
MONDO:0030730	HGNC:4785
MONDO:0859230	HGNC:950
MONDO:0032746	HGNC:28613
MONDO:0030689	HGNC:3602
MONDO:0014917	HGNC:1388
MONDO:0014916	HGNC:10940
MONDO:0032750	HGNC:11950
MONDO:0008612	HGNC:12362
MONDO:0030693	HGNC:6598
MONDO:0014924	HGNC:24969
MONDO:0958328	HGNC:29366
MONDO:0009653	HGNC:13356
MONDO:0030747	HGNC:6483
MONDO:0014928	HGNC:7121
MONDO:0032761	HGNC:4562
MONDO:0009571	HGNC:7121
MONDO:0014930	HGNC:20509
MONDO:0014929	HGNC:19139
MONDO:0020612	HGNC:10918
MONDO:0030746	HGNC:6483
MONDO:0030712	HGNC:26814
MONDO:0030714	HGNC:26185
MONDO:0032764	HGNC:21904
MONDO:0032765	HGNC:3393
MONDO:0010385	HGNC:592
MONDO:0014935	HGNC:6859
MONDO:0968978	HGNC:3798
MONDO:0968977	HGNC:25875
MONDO:0032773	HGNC:11001
MONDO:0032774	HGNC:6757
MONDO:0968983	HGNC:9546
MONDO:0100518	HGNC:3025
MONDO:0100518	HGNC:3026
MONDO:0971171	HGNC:14245
MONDO:0968980	HGNC:11100
MONDO:0968979	HGNC:20718
MONDO:0010849	HGNC:638
MONDO:0009212	HGNC:3528
MONDO:0014942	HGNC:4081
MONDO:0010848	HGNC:11276
MONDO:0032780	HGNC:28858
MONDO:0014951	HGNC:24036
MONDO:0032783	HGNC:17985
MONDO:0011275	HGNC:7944
MONDO:0011102	HGNC:11720
MONDO:0011104	HGNC:2398
MONDO:0024506	HGNC:29216
MONDO:0014958	HGNC:25567
MONDO:0011101	HGNC:8850
MONDO:0008710	HGNC:14263
MONDO:0014965	HGNC:29514
MONDO:0013968	HGNC:8905
MONDO:0013971	HGNC:29419
MONDO:0009174	HGNC:2665
MONDO:0011274	HGNC:3690
MONDO:0013977	HGNC:23166
MONDO:0100093	HGNC:7869
MONDO:0013979	HGNC:16725
MONDO:0009069	HGNC:15714
MONDO:0014911	HGNC:5330
MONDO:0700250	HGNC:2260
MONDO:0700250	HGNC:2263
MONDO:0013902	HGNC:6772
MONDO:0013900	HGNC:801
MONDO:0009762	HGNC:10249
MONDO:0013290	HGNC:19027
MONDO:0010401	HGNC:3702
MONDO:0010400	HGNC:3702
MONDO:0007962	HGNC:8975
MONDO:0013923	HGNC:29298
MONDO:0013926	HGNC:13831
MONDO:0009301	HGNC:2865
MONDO:0013933	HGNC:9717
MONDO:0009053	HGNC:9722
MONDO:0013945	HGNC:8860
MONDO:0009728	HGNC:7905
MONDO:0010015	HGNC:14966
MONDO:0010392	HGNC:8896
MONDO:0013947	HGNC:5228
MONDO:0012818	HGNC:8618
MONDO:0013953	HGNC:5440
MONDO:0100180	HGNC:8618
MONDO:0013952	HGNC:8856
MONDO:0013307	HGNC:24249
MONDO:0013954	HGNC:5970
MONDO:0013959	HGNC:13797
MONDO:0013960	HGNC:1391
MONDO:0013961	HGNC:10723
MONDO:0013310	HGNC:9208
MONDO:0012833	HGNC:3690
MONDO:0013315	HGNC:8789
MONDO:0007852	HGNC:4284
MONDO:0012843	HGNC:4083
MONDO:0008554	HGNC:1455
MONDO:0008554	HGNC:11795
MONDO:0012845	HGNC:29597
MONDO:0009619	HGNC:2993
MONDO:0009528	HGNC:10535
MONDO:0011671	HGNC:14203
MONDO:0011906	HGNC:18324
MONDO:0012848	HGNC:29253
MONDO:0012850	HGNC:11019
MONDO:0012854	HGNC:5103
MONDO:0012856	HGNC:6283
MONDO:0020789	HGNC:8104
MONDO:0009625	HGNC:8657
MONDO:0011902	HGNC:7739
MONDO:0030529	HGNC:11241
MONDO:0008104	HGNC:1097
MONDO:0009708	HGNC:7577
MONDO:0008959	HGNC:496
MONDO:0011803	HGNC:11237
MONDO:0016480	HGNC:5466
MONDO:0019310	HGNC:2214
MONDO:0017972	HGNC:11359
MONDO:0060582	HGNC:3642
MONDO:0009839	HGNC:6893
MONDO:0007552	HGNC:2214
MONDO:0100466	HGNC:9942
MONDO:0016475	HGNC:4713
MONDO:0035337	HGNC:6408
MONDO:0010997	HGNC:6893
MONDO:0014518	HGNC:23657
MONDO:0013334	HGNC:1974
MONDO:0007551	HGNC:6442
MONDO:0007555	HGNC:9069
MONDO:0019307	HGNC:6483
MONDO:0019307	HGNC:2194
MONDO:0019307	HGNC:6490
MONDO:0010626	HGNC:11935
MONDO:0011787	HGNC:17997
MONDO:0011170	HGNC:11610
MONDO:0014512	HGNC:9701
MONDO:0009714	HGNC:2212
MONDO:0035678	HGNC:1390
MONDO:0011902	HGNC:7739
MONDO:0010704	HGNC:3754
MONDO:0020407	HGNC:7976
MONDO:0020408	HGNC:14630
MONDO:0016786	HGNC:22947
MONDO:0011717	HGNC:4335
MONDO:0018749	HGNC:4827
MONDO:0018749	HGNC:6345
MONDO:0018749	HGNC:4832
MONDO:0011738	HGNC:4512
MONDO:0009254	HGNC:4006
MONDO:0009251	HGNC:3606
MONDO:0012401	HGNC:11220
MONDO:0018582	HGNC:4192
MONDO:0011841	HGNC:16266
MONDO:0014905	HGNC:24858
MONDO:0007919	HGNC:3767
MONDO:0013228	HGNC:951
MONDO:0012992	HGNC:16232
MONDO:0009291	HGNC:321
MONDO:0016049	HGNC:3097
MONDO:0024770	HGNC:3319
MONDO:0015096	HGNC:3694
MONDO:0008746	HGNC:6929
MONDO:0018250	HGNC:3048
MONDO:0008815	HGNC:746
MONDO:0012110	HGNC:5464
MONDO:0009520	HGNC:5005
MONDO:0013726	HGNC:2973
MONDO:0011420	HGNC:4263
MONDO:0013116	HGNC:4236
MONDO:0009865	HGNC:8889
MONDO:0009698	HGNC:1665
MONDO:0018280	HGNC:2666
MONDO:0019947	HGNC:1529
MONDO:0008713	HGNC:17129
MONDO:0015092	HGNC:25839
MONDO:0015749	HGNC:10882
MONDO:0011073	HGNC:59
MONDO:0020526	HGNC:4170
MONDO:0009218	HGNC:735
MONDO:0030048	HGNC:2321
MONDO:0014698	HGNC:18119
MONDO:0009212	HGNC:3528
MONDO:0010526	HGNC:4296
MONDO:0009211	HGNC:3544
MONDO:1040033	HGNC:17997
MONDO:0033667	HGNC:10911
MONDO:0018247	HGNC:16695
MONDO:0018277	HGNC:17997
MONDO:0018277	HGNC:26267
MONDO:0018277	HGNC:19139
MONDO:0009917	HGNC:10602
MONDO:0008329	HGNC:7979
MONDO:0017218	HGNC:11776
MONDO:0017218	HGNC:10848
MONDO:0017218	HGNC:4165
MONDO:0017218	HGNC:9585
MONDO:0017218	HGNC:17104
MONDO:0016682	HGNC:6742
MONDO:0016682	HGNC:7059
MONDO:0016681	HGNC:33280
MONDO:0016681	HGNC:11998
MONDO:0016681	HGNC:7797
MONDO:0014555	HGNC:8952
MONDO:0008964	HGNC:3018
MONDO:0017844	HGNC:1653
MONDO:0017844	HGNC:11917
MONDO:0019414	HGNC:15455
MONDO:0014195	HGNC:17110
MONDO:0018022	HGNC:4829
MONDO:0018273	HGNC:15516
MONDO:0010753	HGNC:3754
MONDO:0859002	HGNC:2231
MONDO:0012984	HGNC:15868
MONDO:0016991	HGNC:2330
MONDO:0011541	HGNC:3522
MONDO:0035529	HGNC:8086
MONDO:0013487	HGNC:2771
MONDO:0011801	HGNC:18884
MONDO:0014689	HGNC:18150
MONDO:0017566	HGNC:8975
MONDO:0019791	HGNC:9179
MONDO:0013329	HGNC:11603
MONDO:0019371	HGNC:4948
MONDO:0020494	HGNC:3681
MONDO:0020495	HGNC:25523
MONDO:0012423	HGNC:21474
MONDO:0012197	HGNC:9360
MONDO:0009461	HGNC:373
MONDO:0009461	HGNC:26532
MONDO:0011959	HGNC:9658
MONDO:0011811	HGNC:23595
MONDO:0011811	HGNC:12713
MONDO:0013971	HGNC:29419
MONDO:0012635	HGNC:18623
MONDO:0018657	HGNC:19182
MONDO:0020512	HGNC:13532
MONDO:0020512	HGNC:8064
MONDO:0020512	HGNC:7879
MONDO:0020512	HGNC:7545
MONDO:0020512	HGNC:10879
MONDO:0020512	HGNC:12155
MONDO:0016539	HGNC:30228
MONDO:0008763	HGNC:428
MONDO:0014320	HGNC:7975
MONDO:0035679	HGNC:1390
MONDO:0012726	HGNC:2202
MONDO:0019828	HGNC:15836
MONDO:0019828	HGNC:13831
MONDO:0020506	HGNC:3260
MONDO:0020506	HGNC:21022
MONDO:0020507	HGNC:3261
MONDO:0009495	HGNC:7060
MONDO:0044300	HGNC:7326
MONDO:0016536	HGNC:11922
MONDO:0008721	HGNC:89
MONDO:0018598	HGNC:9719
MONDO:0018598	HGNC:8855
MONDO:0018598	HGNC:8856
MONDO:0100294	HGNC:33867
MONDO:0018813	HGNC:1001
MONDO:0011275	HGNC:7944
MONDO:0008753	HGNC:4892
MONDO:0013760	HGNC:14415
MONDO:0016216	HGNC:12362
MONDO:0016216	HGNC:2514
MONDO:0016216	HGNC:1509
MONDO:0018794	HGNC:9035
MONDO:0018015	HGNC:6998
MONDO:0018015	HGNC:11916
MONDO:0015788	HGNC:3551
MONDO:0015783	HGNC:8101
MONDO:0013771	HGNC:4455
MONDO:0015786	HGNC:11164
MONDO:0015786	HGNC:7675
MONDO:0012929	HGNC:2171
MONDO:0007537	HGNC:7883
MONDO:0010310	HGNC:2514
MONDO:0013810	HGNC:18621
MONDO:0012679	HGNC:2025
MONDO:0010056	HGNC:11118
MONDO:0008153	HGNC:4392
MONDO:0018393	HGNC:11738
MONDO:0018393	HGNC:11538
MONDO:0018393	HGNC:26675
MONDO:0018393	HGNC:11733
MONDO:0018393	HGNC:15805
MONDO:0018393	HGNC:18829
MONDO:0018393	HGNC:26620
MONDO:0018393	HGNC:23168
MONDO:0018393	HGNC:20997
MONDO:0018393	HGNC:28521
MONDO:0009673	HGNC:11117
MONDO:0009673	HGNC:7634
MONDO:0013656	HGNC:888
MONDO:0009672	HGNC:11118
MONDO:0011176	HGNC:17995
MONDO:0016355	HGNC:3688
MONDO:0016355	HGNC:2908
MONDO:0016355	HGNC:3686
MONDO:0016355	HGNC:11111
MONDO:0016355	HGNC:10889
MONDO:0016355	HGNC:10848
MONDO:0016355	HGNC:10879
MONDO:0016355	HGNC:4165
MONDO:0016355	HGNC:3814
MONDO:0016355	HGNC:9585
MONDO:0010814	HGNC:18270
MONDO:0017791	HGNC:2197
MONDO:0017791	HGNC:1067
MONDO:0010702	HGNC:2567
MONDO:0009642	HGNC:7744
MONDO:0010176	HGNC:8788
MONDO:0010176	HGNC:25801
MONDO:0010176	HGNC:25018
MONDO:0017925	HGNC:686
MONDO:0008521	HGNC:7866
MONDO:0016356	HGNC:1607
MONDO:0007550	HGNC:6416
MONDO:0007556	HGNC:6442
MONDO:0008222	HGNC:6266
MONDO:0011225	HGNC:17642
MONDO:0013766	HGNC:9066
MONDO:0009232	HGNC:12786
MONDO:0009857	HGNC:464
MONDO:0009676	HGNC:3097
MONDO:0009675	HGNC:1480
MONDO:0019597	HGNC:2593
MONDO:0014881	HGNC:11834
MONDO:0009031	HGNC:13771
MONDO:0008729	HGNC:2591
MONDO:0008145	HGNC:9608
MONDO:0008145	HGNC:5383
MONDO:0008145	HGNC:5382
MONDO:0012190	HGNC:1630
MONDO:0012783	HGNC:30220
MONDO:0014886	HGNC:25461
MONDO:0007404	HGNC:10736
MONDO:0011445	HGNC:11226
MONDO:0014823	HGNC:28261
MONDO:0020436	HGNC:1987
MONDO:0020437	HGNC:11843
MONDO:0009124	HGNC:6601
MONDO:0009124	HGNC:25994
MONDO:0009380	HGNC:53
MONDO:0009123	HGNC:2689
MONDO:0024559	HGNC:7569
MONDO:0017225	HGNC:9086
MONDO:0008682	HGNC:12796
MONDO:0013296	HGNC:3688
MONDO:0012034	HGNC:17103
MONDO:0009903	HGNC:2867
MONDO:0016782	HGNC:14575
MONDO:0019982	HGNC:11630
MONDO:0016783	HGNC:14665
MONDO:0008473	HGNC:18083
MONDO:0016780	HGNC:14575
MONDO:0017102	HGNC:12363
MONDO:0017102	HGNC:12362
MONDO:0007297	HGNC:6174
MONDO:0008306	HGNC:6174
MONDO:0014753	HGNC:18647
MONDO:0008134	HGNC:8140
MONDO:0008338	HGNC:7573
MONDO:0015385	HGNC:10669
MONDO:0012675	HGNC:1540
MONDO:0016988	HGNC:5024
MONDO:0014716	HGNC:3942
MONDO:0020434	HGNC:11598
MONDO:0013753	HGNC:25135
MONDO:0015554	HGNC:6342
MONDO:0012859	HGNC:11908
MONDO:0017833	HGNC:19124
MONDO:0017991	HGNC:11645
MONDO:0016981	HGNC:16266
MONDO:0031446	HGNC:10905
MONDO:0031446	HGNC:932
MONDO:0036218	HGNC:25567
MONDO:0012323	HGNC:3052
MONDO:0010949	HGNC:9788
MONDO:0013118	HGNC:9816
MONDO:0013675	HGNC:24415
MONDO:0007648	HGNC:2509
MONDO:0008404	HGNC:18249
MONDO:0800029	HGNC:19367
MONDO:0800029	HGNC:13552
MONDO:0800029	HGNC:15888
MONDO:0030524	HGNC:25239
MONDO:0008289	HGNC:2202
MONDO:0008289	HGNC:2203
MONDO:0016598	HGNC:1093
MONDO:0008592	HGNC:2916
MONDO:0012624	HGNC:21497
MONDO:0044714	HGNC:29678
MONDO:0011240	HGNC:8975
MONDO:0013885	HGNC:7788
MONDO:0020563	HGNC:1773
MONDO:0020563	HGNC:5009
MONDO:0018877	HGNC:10024
MONDO:0017994	HGNC:30417
MONDO:0012656	HGNC:8996
MONDO:0012703	HGNC:20766
MONDO:0009469	HGNC:3706
MONDO:0018045	HGNC:15888
MONDO:0018045	HGNC:11824
MONDO:0060759	HGNC:14282
MONDO:0013661	HGNC:27288
MONDO:0005029	HGNC:29605
MONDO:0005029	HGNC:1455
MONDO:0008961	HGNC:15968
MONDO:0011113	HGNC:29427
MONDO:0020207	HGNC:6701
MONDO:0011889	HGNC:7225
MONDO:0011903	HGNC:7225
MONDO:0032651	HGNC:24731
MONDO:0019115	HGNC:6932
MONDO:0859200	HGNC:24662
MONDO:0012556	HGNC:23406
MONDO:0008047	HGNC:6218
MONDO:0010281	HGNC:6501
MONDO:0030805	HGNC:1349
MONDO:0010338	HGNC:869
MONDO:0019326	HGNC:4379
MONDO:0014827	HGNC:1476
MONDO:0017174	HGNC:7106
MONDO:0017173	HGNC:2946
MONDO:0017173	HGNC:2940
MONDO:0017173	HGNC:17116
MONDO:0017173	HGNC:30726
MONDO:0017173	HGNC:26348
MONDO:0017173	HGNC:11335
MONDO:0012220	HGNC:7602
MONDO:0009908	HGNC:8646
MONDO:0013271	HGNC:1494
MONDO:0008251	HGNC:16446
MONDO:0011134	HGNC:11119
MONDO:0008305	HGNC:4979
MONDO:0011481	HGNC:7392
MONDO:0010164	HGNC:12786
MONDO:0014875	HGNC:1395
MONDO:0009235	HGNC:9038
MONDO:0010378	HGNC:8768
MONDO:0008280	HGNC:11389
MONDO:0009705	HGNC:2328
MONDO:0009622	HGNC:9891
MONDO:0010319	HGNC:18305
MONDO:0012004	HGNC:16783
MONDO:0012784	HGNC:16812
MONDO:0010472	HGNC:30881
MONDO:0030074	HGNC:9056
MONDO:0018270	HGNC:3446
MONDO:0018270	HGNC:3749
MONDO:0010805	HGNC:6132
MONDO:0013776	HGNC:315
MONDO:0019758	HGNC:7865
MONDO:0019758	HGNC:4165
MONDO:0019758	HGNC:4318
MONDO:0019758	HGNC:3814
MONDO:0019758	HGNC:17104
MONDO:0010446	HGNC:9936
MONDO:0007849	HGNC:16400
MONDO:0014082	HGNC:6006
MONDO:0008760	HGNC:93
MONDO:0015274	HGNC:4940
MONDO:0000914	HGNC:7883
MONDO:0800445	HGNC:27310
MONDO:0012687	HGNC:7165
MONDO:0007363	HGNC:3604
MONDO:0007191	HGNC:19100
MONDO:0007191	HGNC:5962
MONDO:0007191	HGNC:5969
MONDO:0007191	HGNC:4932
MONDO:0007191	HGNC:11850
MONDO:0007191	HGNC:5439
MONDO:0012315	HGNC:19087
MONDO:0007298	HGNC:6180
MONDO:0016672	HGNC:4832
MONDO:0012073	HGNC:10297
MONDO:0019522	HGNC:2214
MONDO:0011398	HGNC:2214
MONDO:0007727	HGNC:11916
MONDO:0007716	HGNC:4823
MONDO:0007716	HGNC:4824
MONDO:0100101	HGNC:8067
MONDO:0100101	HGNC:20766
MONDO:0100101	HGNC:10936
MONDO:0100325	HGNC:12305
MONDO:0008572	HGNC:10848
MONDO:0019915	HGNC:14575
MONDO:0019913	HGNC:4564
MONDO:0013869	HGNC:626
MONDO:0044643	HGNC:6757
MONDO:0044638	HGNC:6062
MONDO:0009091	HGNC:6595
MONDO:0014274	HGNC:3999
MONDO:0010437	HGNC:8768
MONDO:0013972	HGNC:5213
MONDO:0013972	HGNC:17095
MONDO:0013972	HGNC:1160
MONDO:0013972	HGNC:4249
MONDO:0016860	HGNC:583
MONDO:0015003	HGNC:19691
MONDO:0014212	HGNC:15465
MONDO:0017607	HGNC:15512
MONDO:0017607	HGNC:26219
MONDO:0044641	HGNC:11444
MONDO:0013626	HGNC:15561
MONDO:0013898	HGNC:29170
MONDO:0018000	HGNC:11795
MONDO:0014899	HGNC:2858
MONDO:0008303	HGNC:6585
MONDO:0011819	HGNC:6239
MONDO:0011833	HGNC:25186
MONDO:0010294	HGNC:12731
MONDO:0009240	HGNC:3974
MONDO:0016306	HGNC:7897
MONDO:0016307	HGNC:14537
MONDO:0017685	HGNC:25221
MONDO:0014162	HGNC:16650
MONDO:0012206	HGNC:2200
MONDO:0011529	HGNC:6235
MONDO:0011540	HGNC:9402
MONDO:0012247	HGNC:3671
MONDO:0010848	HGNC:11276
MONDO:0011330	HGNC:10549
MONDO:0019439	HGNC:10513
MONDO:0044331	HGNC:13273
MONDO:0007211	HGNC:8778
MONDO:0020298	HGNC:8101
MONDO:0011506	HGNC:29203
MONDO:0013970	HGNC:16902
MONDO:0009300	HGNC:17095
MONDO:0009300	HGNC:2084
MONDO:0009694	HGNC:7218
MONDO:0008853	HGNC:20670
MONDO:0035940	HGNC:11998
MONDO:0035940	HGNC:1787
MONDO:0010962	HGNC:6412
MONDO:0010561	HGNC:10432
MONDO:0035350	HGNC:2610
MONDO:0012733	HGNC:12703
MONDO:0012064	HGNC:17264
MONDO:0035942	HGNC:3495
MONDO:0044701	HGNC:12511
MONDO:0014331	HGNC:4685
MONDO:0011744	HGNC:17233
MONDO:0012502	HGNC:1348
MONDO:0036045	HGNC:12405
MONDO:0600030	HGNC:11633
MONDO:0600030	HGNC:8632
MONDO:0014936	HGNC:11183
MONDO:0030913	HGNC:9801
MONDO:0009624	HGNC:16691
MONDO:0035945	HGNC:5477
MONDO:0010224	HGNC:18060
MONDO:0044721	HGNC:18874
MONDO:0008716	HGNC:2201
MONDO:0009597	HGNC:7159
MONDO:0008097	HGNC:7989
MONDO:0008340	HGNC:30939
MONDO:0007958	HGNC:3468
MONDO:0015339	HGNC:61
MONDO:0014247	HGNC:10583
MONDO:0013944	HGNC:9066
MONDO:0011518	HGNC:7132
MONDO:0035743	HGNC:3542
MONDO:0017781	HGNC:11201
MONDO:0013110	HGNC:3791
MONDO:0014867	HGNC:7154
MONDO:0060627	HGNC:4446
MONDO:0013111	HGNC:25481
MONDO:0014261	HGNC:16088
MONDO:0008250	HGNC:4261
MONDO:0060490	HGNC:13420
MONDO:0012605	HGNC:18121
MONDO:0014226	HGNC:12565
MONDO:0015634	HGNC:28887
MONDO:0018315	HGNC:9091
MONDO:0013781	HGNC:6354
MONDO:0019505	HGNC:30074
MONDO:0019505	HGNC:30348
MONDO:0013128	HGNC:9958
MONDO:0009652	HGNC:23026
MONDO:0007740	HGNC:2464
MONDO:0009050	HGNC:12631
MONDO:0009026	HGNC:5173
MONDO:0013427	HGNC:11362
MONDO:0800027	HGNC:2433
MONDO:0800027	HGNC:21022
MONDO:0975887	HGNC:25913
MONDO:0010235	HGNC:6990
MONDO:0008490	HGNC:2187
MONDO:0010661	HGNC:9910
MONDO:0014238	HGNC:26262
MONDO:0011053	HGNC:11098
MONDO:0016589	HGNC:25608
MONDO:0014210	HGNC:494
MONDO:0010149	HGNC:11653
MONDO:0019415	HGNC:4440
MONDO:0019415	HGNC:6156
MONDO:0008670	HGNC:8617
MONDO:0013789	HGNC:2728
MONDO:0009431	HGNC:11019
MONDO:0009867	HGNC:9386
MONDO:0850053	HGNC:3530
MONDO:0957477	HGNC:7623
MONDO:0035581	HGNC:14934
MONDO:0009966	HGNC:7907
MONDO:0015293	HGNC:9588
MONDO:0013208	HGNC:25355
MONDO:0971138	HGNC:20759
MONDO:0020332	HGNC:25941
MONDO:0020332	HGNC:6342
MONDO:0004665	HGNC:28557
MONDO:0015628	HGNC:12726
MONDO:0020324	HGNC:1001
MONDO:0005224	HGNC:3765
MONDO:0019635	HGNC:7872
MONDO:0008700	HGNC:13243
MONDO:0019943	HGNC:6218
MONDO:0019456	HGNC:5382
MONDO:0010008	HGNC:10536
MONDO:0020316	HGNC:3765
MONDO:0010005	HGNC:17366
MONDO:0008717	HGNC:4220
MONDO:0013584	HGNC:2976
MONDO:0011908	HGNC:6407
MONDO:0013867	HGNC:16187
MONDO:0012805	HGNC:30500
MONDO:0008673	HGNC:2514
MONDO:0008392	HGNC:7225
MONDO:0010619	HGNC:8918
MONDO:0008660	HGNC:3680
MONDO:0010200	HGNC:870
MONDO:0008678	HGNC:2586
MONDO:0008678	HGNC:16410
MONDO:0008678	HGNC:6613
MONDO:0008678	HGNC:16405
MONDO:0008678	HGNC:12741
MONDO:0008678	HGNC:7660
MONDO:0008678	HGNC:961
MONDO:0016418	HGNC:25223
MONDO:0009998	HGNC:18683
MONDO:0011178	HGNC:30500
MONDO:0014269	HGNC:15910
MONDO:0018336	HGNC:5009
MONDO:0014074	HGNC:20731
MONDO:0008832	HGNC:4214
MONDO:0007109	HGNC:9804
MONDO:0016305	HGNC:15894
MONDO:0014507	HGNC:20324
MONDO:0018005	HGNC:12666
MONDO:0044617	HGNC:3754
MONDO:0019645	HGNC:11630
MONDO:0015300	HGNC:4281
MONDO:0015300	HGNC:6776
MONDO:0010457	HGNC:18704
MONDO:0006952	HGNC:4042
MONDO:0009804	HGNC:15455
MONDO:0009804	HGNC:19316
MONDO:0009804	HGNC:8824
MONDO:0008048	HGNC:2974
MONDO:0008048	HGNC:10483
MONDO:0008922	HGNC:10990
MONDO:0008147	HGNC:2197
MONDO:0008147	HGNC:2198
MONDO:0017049	HGNC:8011
MONDO:0009575	HGNC:10938
MONDO:0019531	HGNC:4623
MONDO:0016638	HGNC:3661
MONDO:0033561	HGNC:6766
MONDO:0011911	HGNC:10701
MONDO:0007245	HGNC:6742
MONDO:0019855	HGNC:8622
MONDO:0019855	HGNC:8818
MONDO:0018131	HGNC:5044
MONDO:0012591	HGNC:16644
MONDO:0008148	HGNC:2198
MONDO:0015278	HGNC:1101
MONDO:0015278	HGNC:1787
MONDO:0015278	HGNC:26144
MONDO:0015278	HGNC:6770
MONDO:0009008	HGNC:28027
MONDO:0011264	HGNC:20856
MONDO:0013758	HGNC:23791
MONDO:0019448	HGNC:25489
MONDO:0013894	HGNC:24488
MONDO:0007176	HGNC:11714
MONDO:0007244	HGNC:2197
MONDO:0019636	HGNC:25396
MONDO:0019636	HGNC:23399
MONDO:0013007	HGNC:25896
MONDO:0007316	HGNC:2891
MONDO:0008872	HGNC:16068
MONDO:0009231	HGNC:4220
MONDO:0008893	HGNC:16892
MONDO:0014379	HGNC:15766
MONDO:0011274	HGNC:3690
MONDO:0014498	HGNC:16412
MONDO:0850078	HGNC:26219
MONDO:0958129	HGNC:2244
MONDO:0036189	HGNC:11182
MONDO:0800044	HGNC:17646
MONDO:0015995	HGNC:28887
MONDO:0044640	HGNC:7154
MONDO:0016268	HGNC:3430
MONDO:0018333	HGNC:29683
MONDO:0018333	HGNC:3482
MONDO:0017401	HGNC:3036
MONDO:0017401	HGNC:28472
MONDO:0017401	HGNC:9024
MONDO:0017401	HGNC:6636
MONDO:0017401	HGNC:15710
MONDO:0014342	HGNC:13188
MONDO:0014647	HGNC:1424
MONDO:0018445	HGNC:17098
MONDO:0013599	HGNC:11362
MONDO:0014425	HGNC:317
MONDO:0012165	HGNC:23399
MONDO:0014424	HGNC:317
MONDO:0009306	HGNC:9832
MONDO:0015679	HGNC:14283
MONDO:0015679	HGNC:3495
MONDO:0015679	HGNC:19042
MONDO:0018610	HGNC:3386
MONDO:0017402	HGNC:6636
MONDO:0017402	HGNC:3049
MONDO:0018758	HGNC:9350
MONDO:0014882	HGNC:21062
MONDO:0014846	HGNC:17768
MONDO:0011359	HGNC:29316
MONDO:0009267	HGNC:4177
MONDO:0009265	HGNC:4177
MONDO:0019176	HGNC:12340
MONDO:0007042	HGNC:3690
MONDO:0009274	HGNC:11609
MONDO:0014148	HGNC:3467
MONDO:0018323	HGNC:4800
MONDO:0013161	HGNC:19139
MONDO:0018355	HGNC:10882
MONDO:0013276	HGNC:6518
MONDO:0018763	HGNC:20766
MONDO:0018763	HGNC:20772
MONDO:0010010	HGNC:15573
MONDO:0010586	HGNC:3754
MONDO:0009916	HGNC:5212
MONDO:0015004	HGNC:15840
MONDO:0014890	HGNC:15646
MONDO:0008495	HGNC:4238
MONDO:0019174	HGNC:22965
MONDO:0019174	HGNC:9713
MONDO:0019174	HGNC:9717
MONDO:0007871	HGNC:5950
MONDO:0009950	HGNC:9020
MONDO:0014545	HGNC:14253
MONDO:0032830	HGNC:9216
MONDO:0016097	HGNC:2928
MONDO:0012652	HGNC:27337
MONDO:0013056	HGNC:10982
MONDO:0017696	HGNC:4180
MONDO:0958120	HGNC:15842
MONDO:0018463	HGNC:9462
MONDO:0007375	HGNC:11771
MONDO:0017695	HGNC:4180
MONDO:0013074	HGNC:3688
MONDO:0008795	HGNC:8620
MONDO:0009607	HGNC:6903
MONDO:0020356	HGNC:8620
MONDO:0020356	HGNC:47
MONDO:0020356	HGNC:4043
MONDO:0007351	HGNC:8620
MONDO:0020354	HGNC:144
MONDO:0020354	HGNC:47
MONDO:0008695	HGNC:1908
MONDO:0015196	HGNC:3395
MONDO:0010709	HGNC:16499
MONDO:0009284	HGNC:4624
MONDO:0013362	HGNC:28369
MONDO:0010385	HGNC:592
MONDO:0009947	HGNC:4624
MONDO:0021548	HGNC:5227
MONDO:0021548	HGNC:21869
MONDO:0021548	HGNC:2388
MONDO:0021548	HGNC:2398
MONDO:0020378	HGNC:2394
MONDO:0020378	HGNC:9006
MONDO:0017353	HGNC:4313
MONDO:0014250	HGNC:9446
MONDO:0008113	HGNC:9585
MONDO:0008702	HGNC:2200
MONDO:0011430	HGNC:4281
MONDO:0011430	HGNC:2410
MONDO:0011504	HGNC:17619
MONDO:0015010	HGNC:4313
MONDO:0018340	HGNC:25070
MONDO:0017697	HGNC:4180
MONDO:0017354	HGNC:11056
MONDO:0017183	HGNC:12518
MONDO:0007906	HGNC:6636
MONDO:0013947	HGNC:5228
MONDO:0014115	HGNC:2678
MONDO:0014402	HGNC:15832
MONDO:0010649	HGNC:29861
MONDO:0012198	HGNC:11190
MONDO:0008992	HGNC:27230
MONDO:0018485	HGNC:4065
MONDO:0017403	HGNC:11769
MONDO:0017403	HGNC:6207
MONDO:0017403	HGNC:10484
MONDO:0007838	HGNC:3749
MONDO:0013526	HGNC:4431
MONDO:0014060	HGNC:9922
MONDO:0018133	HGNC:1968
MONDO:0011436	HGNC:5542
MONDO:0014147	HGNC:2531
MONDO:0013740	HGNC:20581
MONDO:0020345	HGNC:1912
MONDO:0020345	HGNC:10979
MONDO:0020345	HGNC:10936
MONDO:0859340	HGNC:3671
MONDO:0012277	HGNC:15710
MONDO:0014787	HGNC:25491
MONDO:0013583	HGNC:6494
MONDO:0018945	HGNC:12811
MONDO:0007445	HGNC:6416
MONDO:0008070	HGNC:129
MONDO:0011539	HGNC:11948
MONDO:0012216	HGNC:32434
MONDO:0011132	HGNC:12765
MONDO:0017405	HGNC:3012
MONDO:0018461	HGNC:12496
MONDO:0009155	HGNC:1762
MONDO:0044737	HGNC:29361
MONDO:0017724	HGNC:4878
MONDO:0017407	HGNC:7795
MONDO:0035639	HGNC:7132
MONDO:0008998	HGNC:3438
MONDO:0859206	HGNC:28762
MONDO:0019569	HGNC:3436
MONDO:0011537	HGNC:9588
MONDO:0019075	HGNC:5099
MONDO:0013316	HGNC:15946
MONDO:0033203	HGNC:10817
MONDO:0020783	HGNC:9871
MONDO:0016658	HGNC:4173
MONDO:0012271	HGNC:35126
MONDO:0016614	HGNC:8851
MONDO:0008849	HGNC:6692
MONDO:0019202	HGNC:23720
MONDO:0018575	HGNC:12831
MONDO:0007574	HGNC:14415
MONDO:0015720	HGNC:3546
MONDO:0035642	HGNC:7132
MONDO:0013387	HGNC:6296
MONDO:0012391	HGNC:2079
MONDO:0009185	HGNC:23089
MONDO:0009185	HGNC:29478
MONDO:0014633	HGNC:564
MONDO:0014633	HGNC:11042
MONDO:0018933	HGNC:4392
MONDO:0012521	HGNC:18348
MONDO:0017051	HGNC:986
MONDO:0019157	HGNC:10768
MONDO:0019016	HGNC:7490
MONDO:0019016	HGNC:7493
MONDO:0017268	HGNC:11777
MONDO:0016090	HGNC:4115
MONDO:0012519	HGNC:2348
MONDO:0017947	HGNC:620
MONDO:0012290	HGNC:11133
MONDO:0015054	HGNC:1228
MONDO:0010160	HGNC:11573
MONDO:0010328	HGNC:886
MONDO:0017053	HGNC:986
MONDO:0012137	HGNC:7578
MONDO:0010066	HGNC:2488
MONDO:0044792	HGNC:1097
MONDO:0012143	HGNC:11005
MONDO:0011338	HGNC:20626
MONDO:0011338	HGNC:9831
MONDO:0011338	HGNC:9832
MONDO:0011022	HGNC:24156
MONDO:0013165	HGNC:8022
MONDO:0015040	HGNC:25941
MONDO:0014016	HGNC:19957
MONDO:0011946	HGNC:24154
MONDO:0016089	HGNC:4115
MONDO:0009623	HGNC:7652
MONDO:0011882	HGNC:3052
MONDO:0014020	HGNC:26784
MONDO:0011273	HGNC:23096
MONDO:0007039	HGNC:7773
MONDO:0009877	HGNC:4263
MONDO:0012297	HGNC:3760
MONDO:0012297	HGNC:20716
MONDO:0012208	HGNC:6412
MONDO:0017188	HGNC:6257
MONDO:0019082	HGNC:4944
MONDO:0019082	HGNC:4948
MONDO:0010134	HGNC:6256
MONDO:0013533	HGNC:6619
MONDO:0013644	HGNC:2961
MONDO:0011243	HGNC:30935
MONDO:0007215	HGNC:4220
MONDO:0018144	HGNC:4241
MONDO:0018144	HGNC:23159
MONDO:0013640	HGNC:5476
MONDO:0013184	HGNC:11529
MONDO:0008980	HGNC:16268
MONDO:0012072	HGNC:6636
MONDO:0019192	HGNC:392
MONDO:0010060	HGNC:1160
MONDO:0019123	HGNC:4585
MONDO:0008758	HGNC:9179
MONDO:0007686	HGNC:31928
MONDO:0014556	HGNC:19082
MONDO:0019190	HGNC:1076
MONDO:0017193	HGNC:10432
MONDO:0010362	HGNC:8925
MONDO:0034186	HGNC:10719
MONDO:0015166	HGNC:3765
MONDO:0015166	HGNC:10471
MONDO:0100433	HGNC:132
MONDO:0009552	HGNC:18746
MONDO:0013645	HGNC:23143
MONDO:0010650	HGNC:3754
MONDO:0013353	HGNC:29256
MONDO:0009367	HGNC:7108
MONDO:0011489	HGNC:12461
MONDO:0011532	HGNC:5261
MONDO:0032672	HGNC:28983
MONDO:0009964	HGNC:29077
MONDO:0060507	HGNC:1260
MONDO:0008437	HGNC:11231
MONDO:0011339	HGNC:28984
MONDO:0008479	HGNC:2200
MONDO:0008478	HGNC:2200
MONDO:0014726	HGNC:11226
MONDO:0019032	HGNC:11199
MONDO:0971007	HGNC:29217
MONDO:0007232	HGNC:18083
MONDO:0014736	HGNC:23573
MONDO:0012786	HGNC:23094
MONDO:0012316	HGNC:14450
MONDO:0009756	HGNC:11120
MONDO:0033968	HGNC:10019
MONDO:0018611	HGNC:2409
MONDO:0018611	HGNC:2410
MONDO:0060568	HGNC:1915
MONDO:0035151	HGNC:3581
MONDO:0060532	HGNC:76
MONDO:0011252	HGNC:16110
MONDO:0013226	HGNC:8977
MONDO:0013226	HGNC:30767
MONDO:0011198	HGNC:7159
MONDO:0009699	HGNC:1665
MONDO:0014386	HGNC:9879
MONDO:0012735	HGNC:6250
MONDO:0017241	HGNC:572
MONDO:0009845	HGNC:11594
MONDO:0009168	HGNC:20105
MONDO:0009066	HGNC:2518
MONDO:0017116	HGNC:32669
MONDO:0018663	HGNC:6518
MONDO:0014622	HGNC:18084
MONDO:0016573	HGNC:4801
MONDO:0018435	HGNC:3498
MONDO:0013886	HGNC:9218
MONDO:0018436	HGNC:14334
MONDO:0018436	HGNC:14959
MONDO:0017733	HGNC:6826
MONDO:0010911	HGNC:7010
MONDO:0014731	HGNC:3513
MONDO:0012853	HGNC:20662
MONDO:0017730	HGNC:713
MONDO:0015571	HGNC:14234
MONDO:0015520	HGNC:3261
MONDO:0015520	HGNC:3258
MONDO:0015520	HGNC:3260
MONDO:0015520	HGNC:3257
MONDO:0015521	HGNC:3259
MONDO:0007294	HGNC:10483
MONDO:0035161	HGNC:8943
MONDO:0011929	HGNC:10896
MONDO:0011929	HGNC:29602
MONDO:0011929	HGNC:12500
MONDO:0011929	HGNC:26002
MONDO:0013467	HGNC:3625
MONDO:0009061	HGNC:1815
MONDO:0009061	HGNC:15518
MONDO:0009061	HGNC:11073
MONDO:0009061	HGNC:11047
MONDO:0009061	HGNC:8941
MONDO:0009061	HGNC:1884
MONDO:0008267	HGNC:25360
MONDO:0958117	HGNC:6021
MONDO:0007296	HGNC:24160
MONDO:0009653	HGNC:13356
MONDO:0007922	HGNC:3801
MONDO:0009053	HGNC:9722
MONDO:0850089	HGNC:7481
MONDO:0010790	HGNC:7498
MONDO:0010790	HGNC:7494
MONDO:0010790	HGNC:7461
MONDO:0010790	HGNC:7487
MONDO:0013837	HGNC:17759
MONDO:0009141	HGNC:5144
MONDO:0032642	HGNC:9314
MONDO:0044306	HGNC:20967
MONDO:0006277	HGNC:12363
MONDO:0018328	HGNC:6547
MONDO:0033856	HGNC:6485
MONDO:0018924	HGNC:20893
MONDO:0010651	HGNC:869
MONDO:0035648	HGNC:2933
MONDO:0007949	HGNC:2186
MONDO:0010780	HGNC:25481
MONDO:0035647	HGNC:2933
MONDO:0014856	HGNC:26022
MONDO:0011213	HGNC:29529
MONDO:0008115	HGNC:7559
MONDO:0016833	HGNC:3811
MONDO:0012853	HGNC:20662
MONDO:0010592	HGNC:17652
MONDO:0008703	HGNC:4220
MONDO:0008703	HGNC:1077
MONDO:0060502	HGNC:9043
MONDO:0009414	HGNC:4707
MONDO:0009216	HGNC:11006
MONDO:0014562	HGNC:19693
MONDO:0014953	HGNC:4401
MONDO:0015716	HGNC:3551
MONDO:0958353	HGNC:2213
MONDO:0018875	HGNC:1787
MONDO:0018875	HGNC:16627
MONDO:0018434	HGNC:7136
MONDO:0012173	HGNC:4801
MONDO:0012883	HGNC:9864
MONDO:0012883	HGNC:21729
MONDO:0012883	HGNC:20893
MONDO:0012883	HGNC:8059
MONDO:0013993	HGNC:15954
MONDO:0033479	HGNC:4593
MONDO:0009263	HGNC:21014
MONDO:0009609	HGNC:7468
MONDO:0018643	HGNC:3826
MONDO:0008762	HGNC:2206
MONDO:0007086	HGNC:2204
MONDO:0013987	HGNC:29666
MONDO:0016621	HGNC:4851
MONDO:0011266	HGNC:13164
MONDO:8000006	HGNC:2561
MONDO:0018766	HGNC:10955
MONDO:0030006	HGNC:21020
MONDO:0016559	HGNC:6715
MONDO:0013458	HGNC:17697
MONDO:0016281	HGNC:11311
MONDO:0016243	HGNC:4827
MONDO:0017901	HGNC:5439
MONDO:0014034	HGNC:30778
MONDO:0010665	HGNC:25726
MONDO:0005116	HGNC:6119
MONDO:0014502	HGNC:4053
MONDO:0013778	HGNC:14540
MONDO:0007726	HGNC:25640
MONDO:0014746	HGNC:20862
MONDO:0018644	HGNC:9722
MONDO:0014196	HGNC:3688
MONDO:0010193	HGNC:14234
MONDO:0014702	HGNC:9722
MONDO:0008641	HGNC:12269
MONDO:0032850	HGNC:31406
MONDO:0019107	HGNC:10006
MONDO:0019107	HGNC:10008
MONDO:0019107	HGNC:10009
MONDO:0011724	HGNC:11005
MONDO:0859297	HGNC:5047
MONDO:0010482	HGNC:18305
MONDO:0024607	HGNC:33882
MONDO:0011017	HGNC:6207
MONDO:0009395	HGNC:13771
MONDO:0014295	HGNC:11758
MONDO:0030105	HGNC:24063
MONDO:0011823	HGNC:132
MONDO:0011405	HGNC:25792
MONDO:0019682	HGNC:7758
MONDO:0014213	HGNC:13723
MONDO:0014757	HGNC:1736
MONDO:0011760	HGNC:5391
MONDO:0011759	HGNC:5391
MONDO:0021427	HGNC:9588
MONDO:0850096	HGNC:19440
MONDO:0010130	HGNC:3012
MONDO:0010397	HGNC:6990
MONDO:0009372	HGNC:6469
MONDO:0007507	HGNC:18398
MONDO:0014557	HGNC:9154
MONDO:0011663	HGNC:443
MONDO:0011663	HGNC:1356
MONDO:0011906	HGNC:18324
MONDO:0016814	HGNC:7456
MONDO:0016814	HGNC:7462
MONDO:0016814	HGNC:7489
MONDO:0008201	HGNC:2711
MONDO:0011614	HGNC:5008
MONDO:0014061	HGNC:22986
MONDO:0018159	HGNC:2852
MONDO:0018252	HGNC:3048
MONDO:0018346	HGNC:8957
MONDO:0008026	HGNC:2961
MONDO:0014410	HGNC:2661
MONDO:0016489	HGNC:4827
MONDO:0010656	HGNC:29059
MONDO:0018208	HGNC:7765
MONDO:0016491	HGNC:4827
MONDO:0008275	HGNC:11908
MONDO:0032814	HGNC:2202
MONDO:0010850	HGNC:29022
MONDO:0018724	HGNC:10298
MONDO:0009249	HGNC:417
MONDO:0012052	HGNC:18294
MONDO:0013227	HGNC:8583
MONDO:0012118	HGNC:18622
MONDO:0008907	HGNC:9115
MONDO:0044723	HGNC:14348
MONDO:0013300	HGNC:9586
MONDO:0012211	HGNC:7207
MONDO:0011969	HGNC:23161
MONDO:0017825	HGNC:358
MONDO:0011214	HGNC:45
MONDO:0009234	HGNC:6383
MONDO:0035775	HGNC:1596
MONDO:0010787	HGNC:7490
MONDO:0016751	HGNC:9476
MONDO:0011346	HGNC:18234
MONDO:0008368	HGNC:11027
MONDO:0800438	HGNC:3004
MONDO:0019267	HGNC:7526
MONDO:0014154	HGNC:29105
MONDO:0011838	HGNC:10024
MONDO:0020667	HGNC:3689
MONDO:0007813	HGNC:6439
MONDO:0013956	HGNC:11362
MONDO:0014773	HGNC:22962
MONDO:0009994	HGNC:11998
MONDO:0012621	HGNC:16035
MONDO:0012596	HGNC:19129
MONDO:0013256	HGNC:19353
MONDO:0019784	HGNC:28887
MONDO:0005006	HGNC:12851
MONDO:0005006	HGNC:23445
MONDO:0005006	HGNC:23448
MONDO:0005006	HGNC:14359
MONDO:0014429	HGNC:5439
MONDO:0018245	HGNC:30228
MONDO:0016563	HGNC:6893
MONDO:0017903	HGNC:5440
MONDO:0100289	HGNC:7974
MONDO:0012103	HGNC:23166
MONDO:0014165	HGNC:14938
MONDO:0013722	HGNC:30348
MONDO:0013349	HGNC:32456
MONDO:0012449	HGNC:8820
MONDO:0032933	HGNC:24007
MONDO:0032933	HGNC:32151
MONDO:0032933	HGNC:25567
MONDO:0019407	HGNC:18620
MONDO:0013873	HGNC:9177
MONDO:0016995	HGNC:11103
MONDO:0016995	HGNC:8800
MONDO:0016995	HGNC:16466
MONDO:0014602	HGNC:9312
MONDO:0007758	HGNC:6447
MONDO:0016352	HGNC:21285
MONDO:0013245	HGNC:13890
MONDO:0007080	HGNC:2592
MONDO:0010611	HGNC:6470
MONDO:0008407	HGNC:2770
MONDO:0014605	HGNC:9302
MONDO:0016705	HGNC:7545
MONDO:0016459	HGNC:20444
MONDO:0019068	HGNC:7154
MONDO:0014270	HGNC:6172
MONDO:0017906	HGNC:4462
MONDO:0010334	HGNC:16695
MONDO:0009669	HGNC:11117
MONDO:0015753	HGNC:23246
MONDO:0035472	HGNC:17494
MONDO:0975882	HGNC:10541
MONDO:0035475	HGNC:3395
MONDO:0035824	HGNC:15646
MONDO:0010503	HGNC:16353
MONDO:0020482	HGNC:10591
MONDO:0975754	HGNC:8583
MONDO:0100354	HGNC:145
MONDO:0020479	HGNC:358
MONDO:0958085	HGNC:4886
MONDO:0007797	HGNC:4172
MONDO:0016689	HGNC:5383
MONDO:0016688	HGNC:5383
MONDO:0014031	HGNC:24912
MONDO:0010618	HGNC:4198
MONDO:0016601	HGNC:758
MONDO:0010907	HGNC:11708
MONDO:0008092	HGNC:2439
MONDO:0850115	HGNC:8032
MONDO:0008582	HGNC:7391
MONDO:0019725	HGNC:11365
MONDO:0019725	HGNC:11255
MONDO:0019725	HGNC:6112
MONDO:0018603	HGNC:10802
MONDO:0017544	HGNC:5136
MONDO:0060611	HGNC:7432
MONDO:0968990	HGNC:2907
MONDO:0968990	HGNC:4510
MONDO:0968990	HGNC:6341
MONDO:0014711	HGNC:4816
MONDO:0019258	HGNC:8582
MONDO:0035660	HGNC:4389
MONDO:0009258	HGNC:4135
MONDO:0035930	HGNC:9577
MONDO:0018566	HGNC:319
MONDO:0016600	HGNC:758
MONDO:0009665	HGNC:1122
MONDO:0975757	HGNC:4382
MONDO:0010299	HGNC:5157
MONDO:0010330	HGNC:10295
MONDO:0011794	HGNC:10586
MONDO:0011190	HGNC:16762
MONDO:0009728	HGNC:26724
MONDO:0009728	HGNC:29536
MONDO:0009728	HGNC:7905
MONDO:0009728	HGNC:13202
MONDO:0015826	HGNC:11605
MONDO:0018209	HGNC:4235
MONDO:0016599	HGNC:4827
MONDO:0010122	HGNC:1366
MONDO:0019742	HGNC:29536
MONDO:0012359	HGNC:9831
MONDO:0018739	HGNC:3620
MONDO:0014197	HGNC:6819
MONDO:0013784	HGNC:21701
MONDO:0009054	HGNC:851
MONDO:0010185	HGNC:25221
MONDO:0010183	HGNC:23038
MONDO:0019736	HGNC:4883
MONDO:0035320	HGNC:2592
MONDO:0018254	HGNC:10303
MONDO:0008722	HGNC:90
MONDO:0009656	HGNC:7632
MONDO:0009658	HGNC:4422
MONDO:0018492	HGNC:3701
MONDO:0018492	HGNC:8125
MONDO:0009902	HGNC:4170
