subject	predicate	object
HGNC:10004	biolink:causes	MONDO:958180
HGNC:10012	biolink:causes	MONDO:8377
HGNC:10019	biolink:causes	MONDO:20849
HGNC:10023	biolink:causes	MONDO:14343
HGNC:10024	biolink:causes	MONDO:8377
HGNC:10031	biolink:causes	MONDO:14343
HGNC:10057	biolink:gene_associated_with_condition	MONDO:34106
HGNC:10061	biolink:causes	MONDO:859171
HGNC:10074	biolink:contributes_to	MONDO:957561
HGNC:10193	biolink:causes	MONDO:971172
HGNC:10193	biolink:gene_associated_with_condition	MONDO:971172
HGNC:10254	biolink:causes	MONDO:11974
HGNC:10256	biolink:causes	MONDO:33200
HGNC:10263	biolink:causes	MONDO:8377
HGNC:10289	biolink:causes	MONDO:30690
HGNC:10294	biolink:causes	MONDO:8377
HGNC:10294	biolink:causes	MONDO:8765
HGNC:10295	biolink:causes	MONDO:10227
HGNC:10298	biolink:causes	MONDO:14343
HGNC:103	biolink:causes	MONDO:20787
HGNC:10301	biolink:causes	MONDO:12938
HGNC:10303	biolink:gene_associated_with_condition	MONDO:18254
HGNC:10327	biolink:causes	MONDO:13964
HGNC:10345	biolink:causes	MONDO:12925
HGNC:10378	biolink:causes	MONDO:33533
HGNC:10383	biolink:causes	MONDO:13216
HGNC:10389	biolink:causes	MONDO:32670
HGNC:10397	biolink:causes	MONDO:12924
HGNC:10411	biolink:causes	MONDO:12529
HGNC:1044	biolink:causes	MONDO:14343
HGNC:1044	biolink:gene_associated_with_condition	MONDO:850095
HGNC:10447	biolink:causes	MONDO:14343
HGNC:10451	biolink:causes	MONDO:957993
HGNC:10468	biolink:gene_associated_with_condition	MONDO:11489
HGNC:10484	biolink:gene_associated_with_condition	MONDO:17402
HGNC:10521	biolink:causes	MONDO:9775
HGNC:10524	biolink:causes	MONDO:14343
HGNC:10526	biolink:causes	MONDO:9002
HGNC:10542	biolink:gene_associated_with_condition	MONDO:14117
HGNC:10548	biolink:causes	MONDO:8119
HGNC:10560	biolink:causes	MONDO:16163
HGNC:10583	biolink:gene_associated_with_condition	MONDO:14244
HGNC:10586	biolink:causes	MONDO:14155
HGNC:10588	biolink:causes	MONDO:13388
HGNC:10588	biolink:gene_associated_with_condition	MONDO:11904
HGNC:10589	biolink:causes	MONDO:14156
HGNC:10590	biolink:causes	MONDO:54776
HGNC:10591	biolink:causes	MONDO:957265
HGNC:10593	biolink:causes	MONDO:11003
HGNC:10596	biolink:causes	MONDO:13801
HGNC:10596	biolink:causes	MONDO:100092
HGNC:10600	biolink:causes	MONDO:8887
HGNC:10600	biolink:causes	MONDO:20607
HGNC:10603	biolink:causes	MONDO:700250
HGNC:10604	biolink:causes	MONDO:700250
HGNC:10604	biolink:gene_associated_with_condition	MONDO:20207
HGNC:10648	biolink:gene_associated_with_condition	MONDO:9843
HGNC:10663	biolink:causes	MONDO:30849
HGNC:10664	biolink:causes	MONDO:8377
HGNC:10680	biolink:causes	MONDO:31006
HGNC:10680	biolink:causes	MONDO:100294
HGNC:1069	biolink:causes	MONDO:7216
HGNC:10702	biolink:causes	MONDO:14802
HGNC:10706	biolink:causes	MONDO:14573
HGNC:1071	biolink:causes	MONDO:8377
HGNC:10723	biolink:causes	MONDO:14343
HGNC:10727	biolink:causes	MONDO:7794
HGNC:1076	biolink:causes	MONDO:12041
HGNC:1077	biolink:gene_associated_with_condition	MONDO:7216
HGNC:10771	biolink:causes	MONDO:14343
HGNC:10780	biolink:causes	MONDO:957583
HGNC:10799	biolink:gene_associated_with_condition	MONDO:800029
HGNC:10802	biolink:causes	MONDO:24465
HGNC:10805	biolink:causes	MONDO:11968
HGNC:10805	biolink:gene_associated_with_condition	MONDO:11968
HGNC:10809	biolink:gene_associated_with_condition	MONDO:9677
HGNC:10818	biolink:causes	MONDO:14343
HGNC:10852	biolink:causes	MONDO:30866
HGNC:10853	biolink:causes	MONDO:14343
HGNC:10879	biolink:causes	MONDO:12989
HGNC:10887	biolink:causes	MONDO:11519
HGNC:10889	biolink:causes	MONDO:7999
HGNC:1090	biolink:gene_associated_with_condition	MONDO:13839
HGNC:10905	biolink:gene_associated_with_condition	MONDO:31446
HGNC:10909	biolink:gene_associated_with_condition	MONDO:11631
HGNC:10937	biolink:causes	MONDO:957955
HGNC:10941	biolink:causes	MONDO:12982
HGNC:10955	biolink:causes	MONDO:13756
HGNC:10979	biolink:causes	MONDO:14072
HGNC:10982	biolink:gene_associated_with_condition	MONDO:13056
HGNC:10993	biolink:causes	MONDO:957268
HGNC:1100	biolink:contributes_to	MONDO:11450
HGNC:1100	biolink:contributes_to	MONDO:13685
HGNC:1101	biolink:causes	MONDO:11584
HGNC:1101	biolink:contributes_to	MONDO:13235
HGNC:11016	biolink:causes	MONDO:957211
HGNC:11018	biolink:causes	MONDO:958331
HGNC:11019	biolink:gene_associated_with_condition	MONDO:16579
HGNC:11027	biolink:causes	MONDO:8368
HGNC:11030	biolink:causes	MONDO:11422
HGNC:11050	biolink:contributes_to	MONDO:8114
HGNC:11051	biolink:causes	MONDO:13827
HGNC:11073	biolink:causes	MONDO:14808
HGNC:11098	biolink:gene_associated_with_condition	MONDO:859139
HGNC:11100	biolink:causes	MONDO:13821
HGNC:11100	biolink:causes	MONDO:14343
HGNC:11102	biolink:causes	MONDO:14343
HGNC:11109	biolink:causes	MONDO:14343
HGNC:11109	biolink:gene_associated_with_condition	MONDO:16995
HGNC:11114	biolink:gene_associated_with_condition	MONDO:10355
HGNC:11117	biolink:causes	MONDO:10056
HGNC:11118	biolink:gene_associated_with_condition	MONDO:10056
HGNC:11119	biolink:causes	MONDO:11556
HGNC:11123	biolink:gene_associated_with_condition	MONDO:10664
HGNC:11161	biolink:causes	MONDO:14027
HGNC:11164	biolink:gene_associated_with_condition	MONDO:15783
HGNC:11179	biolink:causes	MONDO:7103
HGNC:11182	biolink:gene_associated_with_condition	MONDO:36189
HGNC:11195	biolink:causes	MONDO:14343
HGNC:11226	biolink:causes	MONDO:11445
HGNC:11231	biolink:causes	MONDO:8437
HGNC:11272	biolink:causes	MONDO:10053
HGNC:11273	biolink:causes	MONDO:957815
HGNC:11274	biolink:causes	MONDO:54780
HGNC:11276	biolink:causes	MONDO:10848
HGNC:11276	biolink:gene_associated_with_condition	MONDO:14159
HGNC:11277	biolink:causes	MONDO:8086
HGNC:11280	biolink:causes	MONDO:8176
HGNC:11281	biolink:causes	MONDO:7794
HGNC:11283	biolink:gene_associated_with_condition	MONDO:14837
HGNC:11301	biolink:causes	MONDO:32899
HGNC:11301	biolink:causes	MONDO:44204
HGNC:11301	biolink:gene_associated_with_condition	MONDO:32899
HGNC:11302	biolink:causes	MONDO:957809
HGNC:11311	biolink:gene_associated_with_condition	MONDO:16281
HGNC:11356	biolink:causes	MONDO:14321
HGNC:11362	biolink:gene_associated_with_condition	MONDO:13427
HGNC:11367	biolink:causes	MONDO:14343
HGNC:11368	biolink:causes	MONDO:957807
HGNC:11389	biolink:causes	MONDO:12041
HGNC:11402	biolink:causes	MONDO:975828
HGNC:11427	biolink:causes	MONDO:14339
HGNC:1144	biolink:causes	MONDO:14343
HGNC:11444	biolink:gene_associated_with_condition	MONDO:12812
HGNC:11449	biolink:causes	MONDO:9504
HGNC:11474	biolink:gene_associated_with_condition	MONDO:14733
HGNC:11480	biolink:causes	MONDO:33620
HGNC:11490	biolink:causes	MONDO:9776
HGNC:11503	biolink:causes	MONDO:14233
HGNC:11506	biolink:causes	MONDO:10429
HGNC:11510	biolink:causes	MONDO:14468
HGNC:11521	biolink:causes	MONDO:7794
HGNC:11521	biolink:causes	MONDO:13912
HGNC:11529	biolink:causes	MONDO:12041
HGNC:11529	biolink:causes	MONDO:13184
HGNC:11546	biolink:causes	MONDO:44313
HGNC:11557	biolink:causes	MONDO:13108
HGNC:11566	biolink:causes	MONDO:971012
HGNC:11573	biolink:gene_associated_with_condition	MONDO:10160
HGNC:11582	biolink:causes	MONDO:14343
HGNC:11584	biolink:causes	MONDO:14641
HGNC:11608	biolink:contributes_to	MONDO:800447
HGNC:1162	biolink:causes	MONDO:859312
HGNC:11623	biolink:causes	MONDO:14343
HGNC:11623	biolink:causes	MONDO:30534
HGNC:11630	biolink:gene_associated_with_condition	MONDO:19981
HGNC:11633	biolink:gene_associated_with_condition	MONDO:600030
HGNC:11633	biolink:gene_associated_with_condition	MONDO:957428
HGNC:11714	biolink:causes	MONDO:8377
HGNC:11720	biolink:causes	MONDO:11102
HGNC:11720	biolink:causes	MONDO:11351
HGNC:11724	biolink:causes	MONDO:14998
HGNC:11727	biolink:causes	MONDO:7485
HGNC:11730	biolink:causes	MONDO:7485
HGNC:11730	biolink:causes	MONDO:800029
HGNC:11758	biolink:causes	MONDO:14295
HGNC:11762	biolink:causes	MONDO:11417
HGNC:11762	biolink:gene_associated_with_condition	MONDO:958085
HGNC:11764	biolink:causes	MONDO:10135
HGNC:11764	biolink:contributes_to	MONDO:11982
HGNC:11769	biolink:causes	MONDO:14343
HGNC:11769	biolink:gene_associated_with_condition	MONDO:17403
HGNC:11771	biolink:causes	MONDO:7377
HGNC:11771	biolink:causes	MONDO:7380
HGNC:11771	biolink:causes	MONDO:11855
HGNC:11771	biolink:causes	MONDO:12044
HGNC:11771	biolink:gene_associated_with_condition	MONDO:7377
HGNC:11771	biolink:gene_associated_with_condition	MONDO:7380
HGNC:11773	biolink:causes	MONDO:14343
HGNC:11795	biolink:causes	MONDO:957572
HGNC:11795	biolink:gene_associated_with_condition	MONDO:800452
HGNC:118	biolink:gene_associated_with_condition	MONDO:14753
HGNC:11828	biolink:causes	MONDO:31446
HGNC:11847	biolink:contributes_to	MONDO:13185
HGNC:11891	biolink:causes	MONDO:859568
HGNC:11908	biolink:causes	MONDO:12859
HGNC:11908	biolink:causes	MONDO:14343
HGNC:11908	biolink:gene_associated_with_condition	MONDO:12859
HGNC:11909	biolink:gene_associated_with_condition	MONDO:7319
HGNC:11934	biolink:contributes_to	MONDO:12039
HGNC:11935	biolink:gene_associated_with_condition	MONDO:10626
HGNC:11936	biolink:causes	MONDO:11158
HGNC:11943	biolink:causes	MONDO:13195
HGNC:11944	biolink:causes	MONDO:859335
HGNC:11947	biolink:causes	MONDO:13369
HGNC:11948	biolink:causes	MONDO:957281
HGNC:11948	biolink:causes	MONDO:957284
HGNC:11968	biolink:causes	MONDO:33369
HGNC:11992	biolink:causes	MONDO:20628
HGNC:11992	biolink:causes	MONDO:20845
HGNC:11992	biolink:gene_associated_with_condition	MONDO:34991
HGNC:12011	biolink:causes	MONDO:7157
HGNC:12012	biolink:causes	MONDO:800341
HGNC:12015	biolink:causes	MONDO:10133
HGNC:12261	biolink:causes	MONDO:11484
HGNC:1228	biolink:gene_associated_with_condition	MONDO:15054
HGNC:12299	biolink:gene_associated_with_condition	MONDO:32819
HGNC:12305	biolink:gene_associated_with_condition	MONDO:8701
HGNC:12306	biolink:causes	MONDO:30914
HGNC:12340	biolink:gene_associated_with_condition	MONDO:19176
HGNC:12371	biolink:causes	MONDO:14202
HGNC:124	biolink:causes	MONDO:14343
HGNC:12403	biolink:causes	MONDO:12127
HGNC:12403	biolink:gene_associated_with_condition	MONDO:17401
HGNC:12405	biolink:causes	MONDO:20730
HGNC:1241	biolink:causes	MONDO:958182
HGNC:12428	biolink:causes	MONDO:14343
HGNC:12441	biolink:causes	MONDO:31057
HGNC:12442	biolink:causes	MONDO:11749
HGNC:12449	biolink:causes	MONDO:14343
HGNC:1245	biolink:causes	MONDO:958188
HGNC:12450	biolink:causes	MONDO:44276
HGNC:12450	biolink:gene_associated_with_condition	MONDO:8747
HGNC:12463	biolink:gene_associated_with_condition	MONDO:7338
HGNC:12499	biolink:causes	MONDO:859207
HGNC:12527	biolink:causes	MONDO:32895
HGNC:12565	biolink:causes	MONDO:8377
HGNC:12565	biolink:causes	MONDO:957240
HGNC:12572	biolink:gene_associated_with_condition	MONDO:11971
HGNC:12593	biolink:contributes_to	MONDO:11237
HGNC:12597	biolink:causes	MONDO:10171
HGNC:126	biolink:causes	MONDO:957594
HGNC:12601	biolink:causes	MONDO:8377
HGNC:12601	biolink:causes	MONDO:10169
HGNC:12605	biolink:causes	MONDO:13610
HGNC:12624	biolink:contributes_to	MONDO:976128
HGNC:12630	biolink:causes	MONDO:958071
HGNC:12637	biolink:causes	MONDO:10465
HGNC:12666	biolink:causes	MONDO:13501
HGNC:12666	biolink:causes	MONDO:14735
HGNC:12668	biolink:causes	MONDO:10767
HGNC:1268	biolink:causes	MONDO:13929
HGNC:12703	biolink:gene_associated_with_condition	MONDO:7931
HGNC:12713	biolink:causes	MONDO:30312
HGNC:12718	biolink:causes	MONDO:957876
HGNC:12726	biolink:gene_associated_with_condition	MONDO:15631
HGNC:12729	biolink:causes	MONDO:957218
HGNC:12731	biolink:causes	MONDO:10743
HGNC:12762	biolink:causes	MONDO:9101
HGNC:12762	biolink:causes	MONDO:10963
HGNC:12771	biolink:causes	MONDO:14343
HGNC:12774	biolink:causes	MONDO:14086
HGNC:12774	biolink:gene_associated_with_condition	MONDO:9804
HGNC:12775	biolink:causes	MONDO:9157
HGNC:12775	biolink:causes	MONDO:14901
HGNC:12784	biolink:causes	MONDO:24455
HGNC:12810	biolink:causes	MONDO:26404
HGNC:12828	biolink:causes	MONDO:33116
HGNC:12852	biolink:causes	MONDO:33365
HGNC:12869	biolink:causes	MONDO:958322
HGNC:12872	biolink:causes	MONDO:14705
HGNC:129	biolink:causes	MONDO:859517
HGNC:12974	biolink:causes	MONDO:10495
HGNC:1301	biolink:causes	MONDO:14211
HGNC:132	biolink:causes	MONDO:14343
HGNC:132	biolink:gene_associated_with_condition	MONDO:975754
HGNC:13201	biolink:causes	MONDO:14343
HGNC:13202	biolink:gene_associated_with_condition	MONDO:9728
HGNC:13203	biolink:causes	MONDO:11528
HGNC:13210	biolink:causes	MONDO:13312
HGNC:13210	biolink:contributes_to	MONDO:8854
HGNC:13222	biolink:causes	MONDO:14981
HGNC:13315	biolink:causes	MONDO:14343
HGNC:13356	biolink:causes	MONDO:9653
HGNC:1337	biolink:gene_associated_with_condition	MONDO:858999
HGNC:13387	biolink:causes	MONDO:13444
HGNC:13387	biolink:causes	MONDO:971178
HGNC:13429	biolink:causes	MONDO:10506
HGNC:1343	biolink:causes	MONDO:14230
HGNC:1343	biolink:contributes_to	MONDO:13554
HGNC:13433	biolink:causes	MONDO:20790
HGNC:13436	biolink:causes	MONDO:8377
HGNC:13486	biolink:causes	MONDO:10510
HGNC:13488	biolink:causes	MONDO:35819
HGNC:13488	biolink:gene_associated_with_condition	MONDO:35819
HGNC:1349	biolink:causes	MONDO:9646
HGNC:13520	biolink:causes	MONDO:14343
HGNC:13552	biolink:causes	MONDO:30724
HGNC:13552	biolink:gene_associated_with_condition	MONDO:800029
HGNC:13556	biolink:causes	MONDO:21093
HGNC:13601	biolink:gene_associated_with_condition	MONDO:14198
HGNC:1361	biolink:causes	MONDO:30455
HGNC:1366	biolink:causes	MONDO:10122
HGNC:1366	biolink:gene_associated_with_condition	MONDO:10122
HGNC:13681	biolink:causes	MONDO:11070
HGNC:1373	biolink:causes	MONDO:9818
HGNC:1373	biolink:gene_associated_with_condition	MONDO:9818
HGNC:13733	biolink:contributes_to	MONDO:54601
HGNC:1375	biolink:causes	MONDO:8377
HGNC:13764	biolink:causes	MONDO:32717
HGNC:13818	biolink:causes	MONDO:14718
HGNC:13829	biolink:causes	MONDO:7881
HGNC:13829	biolink:gene_associated_with_condition	MONDO:9773
HGNC:13830	biolink:contributes_to	MONDO:12801
HGNC:13831	biolink:causes	MONDO:13926
HGNC:13839	biolink:causes	MONDO:8377
HGNC:13841	biolink:causes	MONDO:14670
HGNC:13862	biolink:causes	MONDO:33564
HGNC:13867	biolink:causes	MONDO:10296
HGNC:13872	biolink:causes	MONDO:11761
HGNC:13879	biolink:gene_associated_with_condition	MONDO:800026
HGNC:1388	biolink:causes	MONDO:7163
HGNC:1388	biolink:gene_associated_with_condition	MONDO:7163
HGNC:13886	biolink:causes	MONDO:20748
HGNC:13921	biolink:causes	MONDO:30673
HGNC:1393	biolink:causes	MONDO:8377
HGNC:1393	biolink:causes	MONDO:10335
HGNC:13941	biolink:causes	MONDO:33259
HGNC:1395	biolink:causes	MONDO:14875
HGNC:1397	biolink:causes	MONDO:42979
HGNC:1397	biolink:contributes_to	MONDO:8570
HGNC:13998	biolink:causes	MONDO:30890
HGNC:13998	biolink:causes	MONDO:859229
HGNC:14000	biolink:causes	MONDO:14152
HGNC:14048	biolink:causes	MONDO:12510
HGNC:14049	biolink:causes	MONDO:32712
HGNC:14078	biolink:causes	MONDO:32723
HGNC:14198	biolink:contributes_to	MONDO:13872
HGNC:14202	biolink:causes	MONDO:30366
HGNC:14214	biolink:causes	MONDO:30910
HGNC:14234	biolink:causes	MONDO:19349
HGNC:14234	biolink:gene_associated_with_condition	MONDO:19349
HGNC:1424	biolink:gene_associated_with_condition	MONDO:14647
HGNC:14245	biolink:causes	MONDO:971171
HGNC:14253	biolink:gene_associated_with_condition	MONDO:14545
HGNC:14270	biolink:gene_associated_with_condition	MONDO:10246
HGNC:14294	biolink:gene_associated_with_condition	MONDO:971069
HGNC:143	biolink:causes	MONDO:13011
HGNC:14304	biolink:causes	MONDO:30927
HGNC:14334	biolink:gene_associated_with_condition	MONDO:850067
HGNC:14348	biolink:gene_associated_with_condition	MONDO:44723
HGNC:14378	biolink:causes	MONDO:957294
HGNC:14415	biolink:causes	MONDO:7574
HGNC:14415	biolink:causes	MONDO:8377
HGNC:14418	biolink:causes	MONDO:8377
HGNC:1445	biolink:causes	MONDO:14550
HGNC:1449	biolink:causes	MONDO:32915
HGNC:145	biolink:gene_associated_with_condition	MONDO:100354
HGNC:14509	biolink:causes	MONDO:33534
HGNC:14530	biolink:causes	MONDO:31084
HGNC:14537	biolink:gene_associated_with_condition	MONDO:16308
HGNC:14539	biolink:contributes_to	MONDO:11784
HGNC:14544	biolink:gene_associated_with_condition	MONDO:13777
HGNC:14583	biolink:causes	MONDO:30486
HGNC:1460	biolink:causes	MONDO:54861
HGNC:1461	biolink:causes	MONDO:30920
HGNC:14615	biolink:causes	MONDO:859182
HGNC:14630	biolink:gene_associated_with_condition	MONDO:35556
HGNC:14639	biolink:causes	MONDO:44224
HGNC:14673	biolink:causes	MONDO:12395
HGNC:14674	biolink:causes	MONDO:8377
HGNC:14686	biolink:causes	MONDO:32938
HGNC:1480	biolink:gene_associated_with_condition	MONDO:29133
HGNC:1481	biolink:causes	MONDO:958334
HGNC:14937	biolink:causes	MONDO:29140
HGNC:14938	biolink:gene_associated_with_condition	MONDO:14165
HGNC:14957	biolink:gene_associated_with_condition	MONDO:33482
HGNC:14967	biolink:causes	MONDO:957584
HGNC:1497	biolink:gene_associated_with_condition	MONDO:10417
HGNC:14974	biolink:causes	MONDO:14040
HGNC:14974	biolink:causes	MONDO:14343
HGNC:14977	biolink:causes	MONDO:14601
HGNC:15021	biolink:causes	MONDO:8377
HGNC:1509	biolink:gene_associated_with_condition	MONDO:16216
HGNC:1514	biolink:causes	MONDO:7791
HGNC:1514	biolink:causes	MONDO:11013
HGNC:1514	biolink:contributes_to	MONDO:13032
HGNC:1527	biolink:causes	MONDO:14135
HGNC:1529	biolink:causes	MONDO:19947
HGNC:1529	biolink:gene_associated_with_condition	MONDO:19947
HGNC:1542	biolink:causes	MONDO:957388
HGNC:15454	biolink:causes	MONDO:54637
HGNC:15455	biolink:causes	MONDO:10486
HGNC:15455	biolink:causes	MONDO:14343
HGNC:15455	biolink:gene_associated_with_condition	MONDO:9804
HGNC:15456	biolink:causes	MONDO:32721
HGNC:15508	biolink:causes	MONDO:24553
HGNC:15517	biolink:causes	MONDO:14343
HGNC:15533	biolink:causes	MONDO:7794
HGNC:15578	biolink:causes	MONDO:54763
HGNC:15594	biolink:contributes_to	MONDO:30334
HGNC:15626	biolink:gene_associated_with_condition	MONDO:8558
HGNC:15631	biolink:causes	MONDO:859083
HGNC:15646	biolink:causes	MONDO:13052
HGNC:15646	biolink:gene_associated_with_condition	MONDO:35823
HGNC:15662	biolink:causes	MONDO:30716
HGNC:15710	biolink:causes	MONDO:11094
HGNC:15710	biolink:gene_associated_with_condition	MONDO:17401
HGNC:15743	biolink:causes	MONDO:20621
HGNC:15791	biolink:causes	MONDO:32824
HGNC:15802	biolink:causes	MONDO:60663
HGNC:15804	biolink:causes	MONDO:7378
HGNC:15808	biolink:causes	MONDO:7738
HGNC:15832	biolink:causes	MONDO:10043
HGNC:15836	biolink:causes	MONDO:7794
HGNC:15840	biolink:causes	MONDO:30969
HGNC:15860	biolink:causes	MONDO:8377
HGNC:1591	biolink:causes	MONDO:30875
HGNC:15911	biolink:gene_associated_with_condition	MONDO:13594
HGNC:15925	biolink:causes	MONDO:13059
HGNC:15925	biolink:causes	MONDO:13739
HGNC:15939	biolink:causes	MONDO:975835
HGNC:15968	biolink:gene_associated_with_condition	MONDO:11916
HGNC:15977	biolink:causes	MONDO:14343
HGNC:15979	biolink:causes	MONDO:11428
HGNC:15979	biolink:causes	MONDO:14343
HGNC:15979	biolink:causes	MONDO:29145
HGNC:15984	biolink:causes	MONDO:11829
HGNC:16068	biolink:gene_associated_with_condition	MONDO:8872
HGNC:16133	biolink:causes	MONDO:14296
HGNC:16171	biolink:causes	MONDO:11547
HGNC:16175	biolink:causes	MONDO:8798
HGNC:16187	biolink:causes	MONDO:100428
HGNC:16197	biolink:causes	MONDO:33008
HGNC:16205	biolink:causes	MONDO:14039
HGNC:16305	biolink:causes	MONDO:957819
HGNC:1633	biolink:causes	MONDO:9413
HGNC:16352	biolink:causes	MONDO:32815
HGNC:16353	biolink:gene_associated_with_condition	MONDO:10503
HGNC:16380	biolink:causes	MONDO:9683
HGNC:164	biolink:causes	MONDO:12808
HGNC:16400	biolink:causes	MONDO:7349
HGNC:16448	biolink:causes	MONDO:8377
HGNC:16461	biolink:causes	MONDO:30987
HGNC:16466	biolink:causes	MONDO:958189
HGNC:16491	biolink:causes	MONDO:30785
HGNC:16512	biolink:causes	MONDO:11242
HGNC:16513	biolink:causes	MONDO:11708
HGNC:16627	biolink:gene_associated_with_condition	MONDO:18875
HGNC:16644	biolink:causes	MONDO:14343
HGNC:16691	biolink:gene_associated_with_condition	MONDO:9624
HGNC:16700	biolink:causes	MONDO:14480
HGNC:16740	biolink:causes	MONDO:32715
HGNC:16783	biolink:causes	MONDO:12004
HGNC:16854	biolink:causes	MONDO:54847
HGNC:16877	biolink:causes	MONDO:11002
HGNC:16877	biolink:gene_associated_with_condition	MONDO:10877
HGNC:16877	biolink:gene_associated_with_condition	MONDO:12231
HGNC:16935	biolink:causes	MONDO:30323
HGNC:16947	biolink:gene_associated_with_condition	MONDO:14302
HGNC:16951	biolink:causes	MONDO:33542
HGNC:1698	biolink:causes	MONDO:13288
HGNC:16999	biolink:gene_associated_with_condition	MONDO:14349
HGNC:1701	biolink:causes	MONDO:13286
HGNC:17019	biolink:causes	MONDO:12904
HGNC:17020	biolink:contributes_to	MONDO:12607
HGNC:17073	biolink:causes	MONDO:11908
HGNC:17082	biolink:causes	MONDO:24555
HGNC:17084	biolink:causes	MONDO:13072
HGNC:17085	biolink:causes	MONDO:32724
HGNC:17089	biolink:causes	MONDO:32778
HGNC:17097	biolink:causes	MONDO:8377
HGNC:17104	biolink:causes	MONDO:13642
HGNC:17111	biolink:causes	MONDO:859572
HGNC:17116	biolink:causes	MONDO:13070
HGNC:1713	biolink:causes	MONDO:9135
HGNC:17146	biolink:causes	MONDO:8377
HGNC:17151	biolink:causes	MONDO:14343
HGNC:17158	biolink:gene_associated_with_condition	MONDO:33481
HGNC:17168	biolink:causes	MONDO:13641
HGNC:17168	biolink:gene_associated_with_condition	MONDO:18421
HGNC:1718	biolink:causes	MONDO:12091
HGNC:17192	biolink:contributes_to	MONDO:13723
HGNC:17208	biolink:gene_associated_with_condition	MONDO:14121
HGNC:17209	biolink:causes	MONDO:30332
HGNC:17210	biolink:gene_associated_with_condition	MONDO:8000015
HGNC:17211	biolink:causes	MONDO:8377
HGNC:17211	biolink:causes	MONDO:32604
HGNC:17213	biolink:causes	MONDO:14343
HGNC:1723	biolink:causes	MONDO:859521
HGNC:17271	biolink:causes	MONDO:14343
HGNC:17272	biolink:causes	MONDO:14343
HGNC:17282	biolink:causes	MONDO:8377
HGNC:17283	biolink:causes	MONDO:33543
HGNC:17296	biolink:causes	MONDO:12792
HGNC:17321	biolink:causes	MONDO:13460
HGNC:17328	biolink:causes	MONDO:13559
HGNC:17340	biolink:causes	MONDO:8377
HGNC:17340	biolink:causes	MONDO:10806
HGNC:17341	biolink:causes	MONDO:8377
HGNC:17416	biolink:causes	MONDO:8377
HGNC:17494	biolink:causes	MONDO:12125
HGNC:17494	biolink:gene_associated_with_condition	MONDO:35472
HGNC:1754	biolink:causes	MONDO:12946
HGNC:17728	biolink:gene_associated_with_condition	MONDO:35153
HGNC:1773	biolink:contributes_to	MONDO:12183
HGNC:1774	biolink:causes	MONDO:14596
HGNC:17754	biolink:causes	MONDO:32891
HGNC:17754	biolink:causes	MONDO:859379
HGNC:17761	biolink:causes	MONDO:20749
HGNC:1777	biolink:causes	MONDO:14484
HGNC:17811	biolink:gene_associated_with_condition	MONDO:971064
HGNC:17814	biolink:causes	MONDO:859575
HGNC:1785	biolink:causes	MONDO:12552
HGNC:17861	biolink:causes	MONDO:14343
HGNC:17870	biolink:causes	MONDO:11190
HGNC:17944	biolink:causes	MONDO:13853
HGNC:17964	biolink:causes	MONDO:8377
HGNC:17975	biolink:gene_associated_with_condition	MONDO:14282
HGNC:17978	biolink:gene_associated_with_condition	MONDO:10075
HGNC:17985	biolink:causes	MONDO:32783
HGNC:17993	biolink:causes	MONDO:11474
HGNC:17997	biolink:causes	MONDO:13157
HGNC:17997	biolink:gene_associated_with_condition	MONDO:11787
HGNC:17997	biolink:gene_associated_with_condition	MONDO:1040033
HGNC:18016	biolink:causes	MONDO:32581
HGNC:18018	biolink:causes	MONDO:8377
HGNC:1802	biolink:causes	MONDO:7805
HGNC:18021	biolink:contributes_to	MONDO:100045
HGNC:18072	biolink:contributes_to	MONDO:32867
HGNC:18083	biolink:gene_associated_with_condition	MONDO:11633
HGNC:18084	biolink:causes	MONDO:100296
HGNC:18084	biolink:gene_associated_with_condition	MONDO:14622
HGNC:1810	biolink:causes	MONDO:10767
HGNC:18121	biolink:causes	MONDO:12299
HGNC:18124	biolink:causes	MONDO:12354
HGNC:18124	biolink:gene_associated_with_condition	MONDO:12354
HGNC:18127	biolink:causes	MONDO:9624
HGNC:18141	biolink:causes	MONDO:12442
HGNC:18149	biolink:causes	MONDO:44222
HGNC:18169	biolink:causes	MONDO:9806
HGNC:18169	biolink:gene_associated_with_condition	MONDO:9804
HGNC:18188	biolink:gene_associated_with_condition	MONDO:800436
HGNC:18248	biolink:causes	MONDO:14996
HGNC:18276	biolink:causes	MONDO:958013
HGNC:18286	biolink:causes	MONDO:12483
HGNC:18292	biolink:causes	MONDO:11546
HGNC:18305	biolink:gene_associated_with_condition	MONDO:10319
HGNC:18326	biolink:causes	MONDO:8377
HGNC:18340	biolink:causes	MONDO:8377
HGNC:18340	biolink:causes	MONDO:13718
HGNC:18340	biolink:causes	MONDO:13719
HGNC:18365	biolink:contributes_to	MONDO:12292
HGNC:18416	biolink:causes	MONDO:975746
HGNC:18420	biolink:gene_associated_with_condition	MONDO:35706
HGNC:1848	biolink:causes	MONDO:12348
HGNC:18518	biolink:causes	MONDO:12472
HGNC:18533	biolink:causes	MONDO:859366
HGNC:18591	biolink:causes	MONDO:14343
HGNC:18619	biolink:causes	MONDO:957820
HGNC:18626	biolink:causes	MONDO:14447
HGNC:18628	biolink:causes	MONDO:958237
HGNC:18662	biolink:causes	MONDO:12604
HGNC:18683	biolink:causes	MONDO:14343
HGNC:18688	biolink:causes	MONDO:14539
HGNC:18711	biolink:causes	MONDO:859277
HGNC:18744	biolink:causes	MONDO:12906
HGNC:18758	biolink:causes	MONDO:8377
HGNC:18829	biolink:causes	MONDO:14037
HGNC:18871	biolink:gene_associated_with_condition	MONDO:9613
HGNC:18873	biolink:causes	MONDO:14343
HGNC:18873	biolink:causes	MONDO:24535
HGNC:18873	biolink:causes	MONDO:30692
HGNC:18884	biolink:gene_associated_with_condition	MONDO:11801
HGNC:18986	biolink:causes	MONDO:13737
HGNC:19012	biolink:causes	MONDO:958241
HGNC:19046	biolink:causes	MONDO:14343
HGNC:19088	biolink:causes	MONDO:30918
HGNC:19104	biolink:causes	MONDO:11756
HGNC:19129	biolink:causes	MONDO:14466
HGNC:19129	biolink:gene_associated_with_condition	MONDO:14466
HGNC:19141	biolink:causes	MONDO:11464
HGNC:19185	biolink:causes	MONDO:54737
HGNC:19189	biolink:causes	MONDO:14343
HGNC:19190	biolink:causes	MONDO:14371
HGNC:19218	biolink:causes	MONDO:14970
HGNC:19263	biolink:causes	MONDO:29465
HGNC:19304	biolink:causes	MONDO:957787
HGNC:19309	biolink:causes	MONDO:13033
HGNC:19316	biolink:gene_associated_with_condition	MONDO:8147
HGNC:19316	biolink:gene_associated_with_condition	MONDO:9804
HGNC:19317	biolink:causes	MONDO:8377
HGNC:19349	biolink:gene_associated_with_condition	MONDO:100101
HGNC:19380	biolink:causes	MONDO:859360
HGNC:19383	biolink:causes	MONDO:800130
HGNC:1940	biolink:causes	MONDO:8377
HGNC:19412	biolink:causes	MONDO:14192
HGNC:195	biolink:causes	MONDO:13693
HGNC:1956	biolink:causes	MONDO:12474
HGNC:1965	biolink:causes	MONDO:14583
HGNC:1965	biolink:causes	MONDO:14585
HGNC:1966	biolink:causes	MONDO:14586
HGNC:19698	biolink:causes	MONDO:8377
HGNC:1971	biolink:causes	MONDO:14343
HGNC:19714	biolink:gene_associated_with_condition	MONDO:12256
HGNC:19721	biolink:causes	MONDO:9629
HGNC:19721	biolink:causes	MONDO:54680
HGNC:19743	biolink:causes	MONDO:13154
HGNC:19743	biolink:gene_associated_with_condition	MONDO:13162
HGNC:19747	biolink:causes	MONDO:8673
HGNC:19747	biolink:gene_associated_with_condition	MONDO:8673
HGNC:19750	biolink:causes	MONDO:800030
HGNC:19903	biolink:causes	MONDO:859328
HGNC:19918	biolink:causes	MONDO:32673
HGNC:19960	biolink:causes	MONDO:14688
HGNC:19967	biolink:causes	MONDO:9360
HGNC:19980	biolink:causes	MONDO:14343
HGNC:20	biolink:causes	MONDO:13212
HGNC:2001	biolink:causes	MONDO:12041
HGNC:20080	biolink:causes	MONDO:8377
HGNC:20087	biolink:causes	MONDO:8377
HGNC:20091	biolink:causes	MONDO:54731
HGNC:20134	biolink:gene_associated_with_condition	MONDO:14804
HGNC:20145	biolink:causes	MONDO:10435
HGNC:2019	biolink:causes	MONDO:9715
HGNC:2019	biolink:causes	MONDO:100468
HGNC:20194	biolink:causes	MONDO:9558
HGNC:20197	biolink:causes	MONDO:9953
HGNC:2021	biolink:causes	MONDO:859187
HGNC:2021	biolink:causes	MONDO:859188
HGNC:20213	biolink:causes	MONDO:859160
HGNC:2022	biolink:causes	MONDO:10250
HGNC:2022	biolink:gene_associated_with_condition	MONDO:10250
HGNC:2025	biolink:causes	MONDO:14343
HGNC:2025	biolink:gene_associated_with_condition	MONDO:8156
HGNC:2027	biolink:causes	MONDO:11822
HGNC:20313	biolink:causes	MONDO:968981
HGNC:20323	biolink:causes	MONDO:14343
HGNC:20324	biolink:causes	MONDO:14343
HGNC:20372	biolink:causes	MONDO:24552
HGNC:20422	biolink:causes	MONDO:13385
HGNC:20422	biolink:causes	MONDO:14343
HGNC:20444	biolink:causes	MONDO:7974
HGNC:20581	biolink:causes	MONDO:14343
HGNC:20603	biolink:causes	MONDO:8377
HGNC:20611	biolink:causes	MONDO:18264
HGNC:20626	biolink:causes	MONDO:7794
HGNC:20652	biolink:causes	MONDO:30819
HGNC:20672	biolink:causes	MONDO:10286
HGNC:20730	biolink:causes	MONDO:33308
HGNC:20731	biolink:gene_associated_with_condition	MONDO:14074
HGNC:20759	biolink:causes	MONDO:975795
HGNC:20761	biolink:causes	MONDO:10044
HGNC:2077	biolink:causes	MONDO:11144
HGNC:20773	biolink:causes	MONDO:21573
HGNC:20778	biolink:causes	MONDO:14341
HGNC:2084	biolink:causes	MONDO:13588
HGNC:20844	biolink:causes	MONDO:957825
HGNC:20858	biolink:causes	MONDO:14864
HGNC:2088	biolink:causes	MONDO:60729
HGNC:20893	biolink:causes	MONDO:8377
HGNC:20908	biolink:causes	MONDO:12569
HGNC:21020	biolink:gene_associated_with_condition	MONDO:30006
HGNC:21022	biolink:gene_associated_with_condition	MONDO:13570
HGNC:21054	biolink:causes	MONDO:14657
HGNC:21056	biolink:causes	MONDO:14240
HGNC:21057	biolink:causes	MONDO:12979
HGNC:21062	biolink:causes	MONDO:13986
HGNC:21062	biolink:gene_associated_with_condition	MONDO:13986
HGNC:21062	biolink:gene_associated_with_condition	MONDO:14882
HGNC:21086	biolink:causes	MONDO:14042
HGNC:21088	biolink:causes	MONDO:33668
HGNC:21099	biolink:causes	MONDO:958242
HGNC:21143	biolink:causes	MONDO:13553
HGNC:21157	biolink:causes	MONDO:14619
HGNC:21173	biolink:causes	MONDO:859355
HGNC:21176	biolink:gene_associated_with_condition	MONDO:9300
HGNC:21197	biolink:causes	MONDO:12866
HGNC:21244	biolink:gene_associated_with_condition	MONDO:859147
HGNC:21253	biolink:causes	MONDO:12460
HGNC:21269	biolink:causes	MONDO:957231
HGNC:21270	biolink:causes	MONDO:976266
HGNC:21285	biolink:contributes_to	MONDO:7748
HGNC:21290	biolink:causes	MONDO:975761
HGNC:21307	biolink:causes	MONDO:11932
HGNC:2135	biolink:gene_associated_with_condition	MONDO:11475
HGNC:21365	biolink:gene_associated_with_condition	MONDO:14269
HGNC:21424	biolink:causes	MONDO:14926
HGNC:21424	biolink:causes	MONDO:30462
HGNC:21493	biolink:causes	MONDO:14203
HGNC:21495	biolink:causes	MONDO:30505
HGNC:21504	biolink:causes	MONDO:10767
HGNC:216	biolink:causes	MONDO:13002
HGNC:21641	biolink:causes	MONDO:13218
HGNC:21642	biolink:gene_associated_with_condition	MONDO:14397
HGNC:21645	biolink:causes	MONDO:14742
HGNC:21648	biolink:causes	MONDO:957953
HGNC:21675	biolink:causes	MONDO:29148
HGNC:21686	biolink:causes	MONDO:13058
HGNC:21686	biolink:gene_associated_with_condition	MONDO:13058
HGNC:21699	biolink:causes	MONDO:8377
HGNC:21732	biolink:causes	MONDO:14343
HGNC:2183	biolink:causes	MONDO:8377
HGNC:21839	biolink:causes	MONDO:957220
HGNC:2185	biolink:causes	MONDO:14343
HGNC:2186	biolink:causes	MONDO:8377
HGNC:2186	biolink:gene_associated_with_condition	MONDO:11493
HGNC:2187	biolink:causes	MONDO:13795
HGNC:2187	biolink:causes	MONDO:14343
HGNC:2188	biolink:causes	MONDO:14654
HGNC:2188	biolink:gene_associated_with_condition	MONDO:34022
HGNC:2190	biolink:causes	MONDO:14745
HGNC:2194	biolink:causes	MONDO:30750
HGNC:2194	biolink:gene_associated_with_condition	MONDO:19307
HGNC:2195	biolink:causes	MONDO:800167
HGNC:2197	biolink:causes	MONDO:14343
HGNC:2197	biolink:causes	MONDO:20521
HGNC:2197	biolink:gene_associated_with_condition	MONDO:8148
HGNC:2200	biolink:causes	MONDO:8476
HGNC:2200	biolink:causes	MONDO:8479
HGNC:2202	biolink:contributes_to	MONDO:100533
HGNC:2211	biolink:gene_associated_with_condition	MONDO:958353
HGNC:2213	biolink:causes	MONDO:14627
HGNC:2213	biolink:causes	MONDO:958236
HGNC:2214	biolink:gene_associated_with_condition	MONDO:11398
HGNC:2214	biolink:gene_associated_with_condition	MONDO:19310
HGNC:2214	biolink:gene_associated_with_condition	MONDO:19522
HGNC:2218	biolink:causes	MONDO:14343
HGNC:2219	biolink:causes	MONDO:10964
HGNC:22197	biolink:gene_associated_with_condition	MONDO:13342
HGNC:22219	biolink:causes	MONDO:8377
HGNC:2227	biolink:causes	MONDO:7561
HGNC:2227	biolink:causes	MONDO:14343
HGNC:2231	biolink:gene_associated_with_condition	MONDO:859002
HGNC:2232	biolink:causes	MONDO:859253
HGNC:2244	biolink:causes	MONDO:14754
HGNC:2244	biolink:gene_associated_with_condition	MONDO:958129
HGNC:22448	biolink:causes	MONDO:12689
HGNC:225	biolink:gene_associated_with_condition	MONDO:7483
HGNC:2260	biolink:causes	MONDO:33635
HGNC:2260	biolink:causes	MONDO:700250
HGNC:2261	biolink:causes	MONDO:859520
HGNC:22932	biolink:causes	MONDO:14141
HGNC:22938	biolink:gene_associated_with_condition	MONDO:12724
HGNC:2294	biolink:causes	MONDO:33650
HGNC:22954	biolink:causes	MONDO:14977
HGNC:22965	biolink:causes	MONDO:13938
HGNC:22986	biolink:causes	MONDO:14343
HGNC:23038	biolink:gene_associated_with_condition	MONDO:10183
HGNC:23045	biolink:causes	MONDO:32748
HGNC:23068	biolink:causes	MONDO:14343
HGNC:23089	biolink:causes	MONDO:14392
HGNC:23109	biolink:causes	MONDO:14242
HGNC:23141	biolink:causes	MONDO:14684
HGNC:23151	biolink:causes	MONDO:13016
HGNC:23151	biolink:gene_associated_with_condition	MONDO:13016
HGNC:23157	biolink:causes	MONDO:11291
HGNC:23159	biolink:causes	MONDO:14543
HGNC:23166	biolink:causes	MONDO:13977
HGNC:23166	biolink:causes	MONDO:13978
HGNC:232	biolink:causes	MONDO:12421
HGNC:23213	biolink:causes	MONDO:14457
HGNC:23216	biolink:causes	MONDO:24543
HGNC:23230	biolink:causes	MONDO:14933
HGNC:2326	biolink:causes	MONDO:859250
HGNC:2330	biolink:contributes_to	MONDO:13633
HGNC:23302	biolink:causes	MONDO:30619
HGNC:23339	biolink:causes	MONDO:968976
HGNC:2336	biolink:causes	MONDO:13862
HGNC:23399	biolink:causes	MONDO:13774
HGNC:23405	biolink:causes	MONDO:14070
HGNC:2342	biolink:causes	MONDO:54764
HGNC:23452	biolink:causes	MONDO:13495
HGNC:23537	biolink:causes	MONDO:14012
HGNC:23575	biolink:causes	MONDO:859186
HGNC:236	biolink:causes	MONDO:800028
HGNC:236	biolink:gene_associated_with_condition	MONDO:800028
HGNC:23625	biolink:causes	MONDO:30915
HGNC:23639	biolink:causes	MONDO:24541
HGNC:23656	biolink:gene_associated_with_condition	MONDO:44724
HGNC:23657	biolink:causes	MONDO:958325
HGNC:23657	biolink:gene_associated_with_condition	MONDO:14518
HGNC:23663	biolink:causes	MONDO:11837
HGNC:237	biolink:causes	MONDO:14570
HGNC:23700	biolink:causes	MONDO:32924
HGNC:23734	biolink:causes	MONDO:14406
HGNC:2377	biolink:causes	MONDO:859137
HGNC:23787	biolink:causes	MONDO:31019
HGNC:2379	biolink:causes	MONDO:14343
HGNC:2379	biolink:gene_associated_with_condition	MONDO:8148
HGNC:2379	biolink:gene_associated_with_condition	MONDO:9804
HGNC:2383	biolink:causes	MONDO:13449
HGNC:2389	biolink:gene_associated_with_condition	MONDO:18611
HGNC:2395	biolink:causes	MONDO:7283
HGNC:23994	biolink:causes	MONDO:958005
HGNC:24063	biolink:gene_associated_with_condition	MONDO:30105
HGNC:24071	biolink:causes	MONDO:54771
HGNC:2409	biolink:gene_associated_with_condition	MONDO:18611
HGNC:2409	biolink:gene_associated_with_condition	MONDO:21548
HGNC:2410	biolink:gene_associated_with_condition	MONDO:18611
HGNC:2411	biolink:gene_associated_with_condition	MONDO:18611
HGNC:24123	biolink:causes	MONDO:14927
HGNC:24154	biolink:causes	MONDO:14343
HGNC:2417	biolink:gene_associated_with_condition	MONDO:18611
HGNC:2418	biolink:causes	MONDO:14603
HGNC:24229	biolink:causes	MONDO:14098
HGNC:24259	biolink:causes	MONDO:33009
HGNC:24270	biolink:causes	MONDO:859295
HGNC:24281	biolink:causes	MONDO:44319
HGNC:24316	biolink:causes	MONDO:700250
HGNC:2433	biolink:causes	MONDO:14343
HGNC:2435	biolink:causes	MONDO:10424
HGNC:24519	biolink:causes	MONDO:13896
HGNC:24525	biolink:causes	MONDO:10184
HGNC:24526	biolink:causes	MONDO:14286
HGNC:24576	biolink:causes	MONDO:13431
HGNC:24587	biolink:causes	MONDO:12514
HGNC:24595	biolink:causes	MONDO:14343
HGNC:2468	biolink:causes	MONDO:14343
HGNC:2472	biolink:causes	MONDO:12804
HGNC:2478	biolink:causes	MONDO:32804
HGNC:24783	biolink:causes	MONDO:8377
HGNC:2481	biolink:causes	MONDO:11937
HGNC:24846	biolink:causes	MONDO:32757
HGNC:24872	biolink:causes	MONDO:11301
HGNC:24877	biolink:causes	MONDO:25690
HGNC:2488	biolink:causes	MONDO:13752
HGNC:24891	biolink:causes	MONDO:12411
HGNC:24912	biolink:causes	MONDO:14031
HGNC:24928	biolink:causes	MONDO:13962
HGNC:24928	biolink:gene_associated_with_condition	MONDO:13962
HGNC:24929	biolink:causes	MONDO:30931
HGNC:24945	biolink:causes	MONDO:14412
HGNC:24959	biolink:causes	MONDO:20762
HGNC:25018	biolink:causes	MONDO:975840
HGNC:2509	biolink:causes	MONDO:12162
HGNC:2510	biolink:causes	MONDO:32578
HGNC:2511	biolink:causes	MONDO:908
HGNC:25118	biolink:causes	MONDO:700338
HGNC:2514	biolink:gene_associated_with_condition	MONDO:8673
HGNC:2514	biolink:gene_associated_with_condition	MONDO:16216
HGNC:25186	biolink:causes	MONDO:11833
HGNC:25221	biolink:causes	MONDO:700297
HGNC:25221	biolink:causes	MONDO:700298
HGNC:25221	biolink:gene_associated_with_condition	MONDO:10185
HGNC:25295	biolink:causes	MONDO:30440
HGNC:25321	biolink:causes	MONDO:968982
HGNC:25325	biolink:causes	MONDO:32859
HGNC:25326	biolink:causes	MONDO:32686
HGNC:25360	biolink:gene_associated_with_condition	MONDO:8267
HGNC:25403	biolink:causes	MONDO:14623
HGNC:25489	biolink:gene_associated_with_condition	MONDO:19448
HGNC:25507	biolink:causes	MONDO:14343
HGNC:2553	biolink:gene_associated_with_condition	MONDO:13782
HGNC:25532	biolink:gene_associated_with_condition	MONDO:13354
HGNC:25536	biolink:causes	MONDO:30054
HGNC:25543	biolink:causes	MONDO:30958
HGNC:2561	biolink:gene_associated_with_condition	MONDO:8000006
HGNC:25613	biolink:causes	MONDO:14503
HGNC:25631	biolink:causes	MONDO:54724
HGNC:25640	biolink:causes	MONDO:31052
HGNC:25640	biolink:causes	MONDO:60702
HGNC:25660	biolink:causes	MONDO:14343
HGNC:2567	biolink:gene_associated_with_condition	MONDO:10702
HGNC:25686	biolink:causes	MONDO:32592
HGNC:25705	biolink:causes	MONDO:14620
HGNC:25712	biolink:gene_associated_with_condition	MONDO:18419
HGNC:25774	biolink:causes	MONDO:13482
HGNC:2578	biolink:causes	MONDO:10389
HGNC:25786	biolink:causes	MONDO:12453
HGNC:25801	biolink:causes	MONDO:14343
HGNC:25808	biolink:causes	MONDO:11630
HGNC:25812	biolink:causes	MONDO:8377
HGNC:25815	biolink:causes	MONDO:14343
HGNC:25835	biolink:causes	MONDO:30731
HGNC:25896	biolink:causes	MONDO:14383
HGNC:25913	biolink:gene_associated_with_condition	MONDO:975887
HGNC:2592	biolink:gene_associated_with_condition	MONDO:35320
HGNC:25941	biolink:gene_associated_with_condition	MONDO:19157
HGNC:25964	biolink:causes	MONDO:24309
HGNC:25966	biolink:causes	MONDO:33202
HGNC:25980	biolink:causes	MONDO:32665
HGNC:25994	biolink:causes	MONDO:12613
HGNC:26006	biolink:causes	MONDO:14063
HGNC:26047	biolink:causes	MONDO:957202
HGNC:26050	biolink:gene_associated_with_condition	MONDO:13546
HGNC:26054	biolink:causes	MONDO:8785
HGNC:26114	biolink:causes	MONDO:14649
HGNC:26144	biolink:contributes_to	MONDO:13236
HGNC:26144	biolink:contributes_to	MONDO:957530
HGNC:26147	biolink:causes	MONDO:8377
HGNC:26185	biolink:causes	MONDO:30714
HGNC:26186	biolink:causes	MONDO:859226
HGNC:26190	biolink:contributes_to	MONDO:8048
HGNC:26193	biolink:causes	MONDO:8377
HGNC:26200	biolink:gene_associated_with_condition	MONDO:800029
HGNC:26208	biolink:causes	MONDO:33566
HGNC:2621	biolink:causes	MONDO:12294
HGNC:26219	biolink:gene_associated_with_condition	MONDO:850078
HGNC:26222	biolink:causes	MONDO:14343
HGNC:26222	biolink:causes	MONDO:36212
HGNC:26222	biolink:gene_associated_with_condition	MONDO:36212
HGNC:26230	biolink:contributes_to	MONDO:14184
HGNC:26239	biolink:causes	MONDO:49222
HGNC:26257	biolink:contributes_to	MONDO:10169
HGNC:26291	biolink:causes	MONDO:8377
HGNC:26293	biolink:causes	MONDO:32898
HGNC:26361	biolink:causes	MONDO:24555
HGNC:26383	biolink:causes	MONDO:957922
HGNC:26513	biolink:causes	MONDO:14991
HGNC:26521	biolink:causes	MONDO:13119
HGNC:26527	biolink:causes	MONDO:9657
HGNC:26560	biolink:causes	MONDO:14030
HGNC:26648	biolink:causes	MONDO:8377
HGNC:26684	biolink:causes	MONDO:54723
HGNC:26708	biolink:causes	MONDO:25354
HGNC:2673	biolink:causes	MONDO:976232
HGNC:26784	biolink:causes	MONDO:14020
HGNC:26784	biolink:gene_associated_with_condition	MONDO:14020
HGNC:26790	biolink:causes	MONDO:13181
HGNC:26799	biolink:causes	MONDO:30378
HGNC:26821	biolink:causes	MONDO:7794
HGNC:26899	biolink:causes	MONDO:14992
HGNC:26927	biolink:causes	MONDO:32624
HGNC:26933	biolink:causes	MONDO:976265
HGNC:26974	biolink:causes	MONDO:859281
HGNC:26988	biolink:causes	MONDO:14409
HGNC:26993	biolink:causes	MONDO:30787
HGNC:27030	biolink:causes	MONDO:14887
HGNC:2711	biolink:contributes_to	MONDO:7103
HGNC:27232	biolink:causes	MONDO:44308
HGNC:27302	biolink:gene_associated_with_condition	MONDO:14132
HGNC:27310	biolink:causes	MONDO:800445
HGNC:27337	biolink:causes	MONDO:12652
HGNC:27337	biolink:causes	MONDO:14343
HGNC:27337	biolink:gene_associated_with_condition	MONDO:12652
HGNC:27337	biolink:gene_associated_with_condition	MONDO:13222
HGNC:27365	biolink:causes	MONDO:13529
HGNC:27375	biolink:causes	MONDO:13386
HGNC:2750	biolink:causes	MONDO:975838
HGNC:2760	biolink:causes	MONDO:30457
HGNC:27845	biolink:causes	MONDO:20855
HGNC:28018	biolink:causes	MONDO:12847
HGNC:28128	biolink:causes	MONDO:33045
HGNC:28188	biolink:causes	MONDO:54843
HGNC:28385	biolink:causes	MONDO:14845
HGNC:28395	biolink:causes	MONDO:14343
HGNC:28396	biolink:causes	MONDO:8377
HGNC:28396	biolink:causes	MONDO:12539
HGNC:28396	biolink:causes	MONDO:14343
HGNC:28460	biolink:causes	MONDO:971176
HGNC:28472	biolink:causes	MONDO:11459
HGNC:28486	biolink:causes	MONDO:12588
HGNC:285	biolink:causes	MONDO:20786
HGNC:28514	biolink:causes	MONDO:33622
HGNC:2858	biolink:causes	MONDO:9636
HGNC:2858	biolink:gene_associated_with_condition	MONDO:9636
HGNC:28583	biolink:causes	MONDO:14343
HGNC:28613	biolink:causes	MONDO:32746
HGNC:28660	biolink:gene_associated_with_condition	MONDO:33282
HGNC:28662	biolink:causes	MONDO:859293
HGNC:2876	biolink:causes	MONDO:7424
HGNC:28762	biolink:causes	MONDO:859206
HGNC:28769	biolink:causes	MONDO:8377
HGNC:2877	biolink:causes	MONDO:10350
HGNC:2883	biolink:causes	MONDO:30839
HGNC:28845	biolink:causes	MONDO:11570
HGNC:28852	biolink:causes	MONDO:14844
HGNC:28870	biolink:causes	MONDO:31043
HGNC:28880	biolink:causes	MONDO:26729
HGNC:28949	biolink:causes	MONDO:12225
HGNC:28952	biolink:causes	MONDO:54805
HGNC:28984	biolink:causes	MONDO:9073
HGNC:28984	biolink:causes	MONDO:11339
HGNC:28991	biolink:causes	MONDO:14311
HGNC:28993	biolink:causes	MONDO:14797
HGNC:28993	biolink:gene_associated_with_condition	MONDO:14797
HGNC:29017	biolink:gene_associated_with_condition	MONDO:12679
HGNC:29021	biolink:causes	MONDO:8377
HGNC:29021	biolink:causes	MONDO:12626
HGNC:29022	biolink:causes	MONDO:10850
HGNC:29043	biolink:causes	MONDO:10046
HGNC:29059	biolink:gene_associated_with_condition	MONDO:10656
HGNC:29068	biolink:causes	MONDO:14771
HGNC:2907	biolink:gene_associated_with_condition	MONDO:958354
HGNC:2907	biolink:gene_associated_with_condition	MONDO:968990
HGNC:29077	biolink:causes	MONDO:8377
HGNC:29077	biolink:causes	MONDO:976269
HGNC:29077	biolink:contributes_to	MONDO:976267
HGNC:29079	biolink:contributes_to	MONDO:700299
HGNC:2909	biolink:causes	MONDO:20692
HGNC:29092	biolink:causes	MONDO:14343
HGNC:29160	biolink:causes	MONDO:30020
HGNC:29162	biolink:gene_associated_with_condition	MONDO:10176
HGNC:29165	biolink:causes	MONDO:32571
HGNC:2917	biolink:causes	MONDO:14772
HGNC:29183	biolink:causes	MONDO:859148
HGNC:2919	biolink:causes	MONDO:14343
HGNC:29190	biolink:causes	MONDO:30995
HGNC:29203	biolink:causes	MONDO:11506
HGNC:29203	biolink:gene_associated_with_condition	MONDO:11506
HGNC:29222	biolink:causes	MONDO:8377
HGNC:29239	biolink:causes	MONDO:44328
HGNC:29250	biolink:causes	MONDO:13323
HGNC:29253	biolink:causes	MONDO:14343
HGNC:29262	biolink:gene_associated_with_condition	MONDO:13127
HGNC:29296	biolink:causes	MONDO:971002
HGNC:29300	biolink:causes	MONDO:33280
HGNC:2933	biolink:gene_associated_with_condition	MONDO:35648
HGNC:29350	biolink:causes	MONDO:859338
HGNC:2940	biolink:causes	MONDO:54615
HGNC:29427	biolink:gene_associated_with_condition	MONDO:11113
HGNC:29433	biolink:causes	MONDO:10483
HGNC:29456	biolink:gene_associated_with_condition	MONDO:14900
HGNC:2946	biolink:causes	MONDO:32845
HGNC:2950	biolink:causes	MONDO:12085
HGNC:29536	biolink:causes	MONDO:14997
HGNC:29536	biolink:gene_associated_with_condition	MONDO:9728
HGNC:29558	biolink:causes	MONDO:30338
HGNC:29561	biolink:causes	MONDO:14868
HGNC:29594	biolink:causes	MONDO:14065
HGNC:2961	biolink:causes	MONDO:13644
HGNC:29619	biolink:causes	MONDO:30973
HGNC:29659	biolink:causes	MONDO:14343
HGNC:29670	biolink:causes	MONDO:9650
HGNC:29670	biolink:gene_associated_with_condition	MONDO:9650
HGNC:29670	biolink:gene_associated_with_condition	MONDO:18931
HGNC:29682	biolink:causes	MONDO:32726
HGNC:2973	biolink:causes	MONDO:13726
HGNC:2978	biolink:causes	MONDO:14343
HGNC:29877	biolink:causes	MONDO:957588
HGNC:29914	biolink:causes	MONDO:32692
HGNC:29914	biolink:causes	MONDO:54850
HGNC:29929	biolink:causes	MONDO:32583
HGNC:29932	biolink:gene_associated_with_condition	MONDO:14290
HGNC:29956	biolink:causes	MONDO:859180
HGNC:30000	biolink:causes	MONDO:8377
HGNC:3003	biolink:causes	MONDO:800438
HGNC:3003	biolink:gene_associated_with_condition	MONDO:800438
HGNC:3004	biolink:causes	MONDO:100217
HGNC:3005	biolink:gene_associated_with_condition	MONDO:12123
HGNC:3007	biolink:causes	MONDO:33556
HGNC:30074	biolink:gene_associated_with_condition	MONDO:100600
HGNC:3010	biolink:causes	MONDO:14580
HGNC:3010	biolink:contributes_to	MONDO:13063
HGNC:30129	biolink:causes	MONDO:14343
HGNC:30171	biolink:causes	MONDO:12096
HGNC:3018	biolink:causes	MONDO:8964
HGNC:3018	biolink:gene_associated_with_condition	MONDO:8964
HGNC:30224	biolink:causes	MONDO:13867
HGNC:3036	biolink:gene_associated_with_condition	MONDO:17402
HGNC:30372	biolink:causes	MONDO:14138
HGNC:30391	biolink:causes	MONDO:8377
HGNC:3049	biolink:causes	MONDO:12434
HGNC:30497	biolink:gene_associated_with_condition	MONDO:10176
HGNC:30500	biolink:causes	MONDO:11593
HGNC:30511	biolink:gene_associated_with_condition	MONDO:30878
HGNC:3052	biolink:causes	MONDO:13034
HGNC:30563	biolink:causes	MONDO:32752
HGNC:30594	biolink:causes	MONDO:859164
HGNC:30595	biolink:causes	MONDO:14343
HGNC:30632	biolink:causes	MONDO:700301
HGNC:30696	biolink:causes	MONDO:12357
HGNC:30705	biolink:causes	MONDO:975842
HGNC:30705	biolink:causes	MONDO:975843
HGNC:30718	biolink:causes	MONDO:14909
HGNC:30740	biolink:causes	MONDO:14398
HGNC:30740	biolink:gene_associated_with_condition	MONDO:14398
HGNC:30788	biolink:causes	MONDO:14783
HGNC:30829	biolink:gene_associated_with_condition	MONDO:12399
HGNC:30832	biolink:causes	MONDO:13173
HGNC:3084	biolink:causes	MONDO:24455
HGNC:30859	biolink:causes	MONDO:8377
HGNC:30860	biolink:causes	MONDO:30361
HGNC:3087	biolink:causes	MONDO:14343
HGNC:30889	biolink:causes	MONDO:32869
HGNC:30914	biolink:gene_associated_with_condition	MONDO:18417
HGNC:30972	biolink:causes	MONDO:800046
HGNC:3098	biolink:causes	MONDO:100218
HGNC:31088	biolink:contributes_to	MONDO:13367
HGNC:3133	biolink:causes	MONDO:20603
HGNC:3133	biolink:gene_associated_with_condition	MONDO:20603
HGNC:31371	biolink:causes	MONDO:8377
HGNC:315	biolink:causes	MONDO:8377
HGNC:31527	biolink:causes	MONDO:32835
HGNC:31704	biolink:causes	MONDO:30490
HGNC:31750	biolink:causes	MONDO:10985
HGNC:3178	biolink:contributes_to	MONDO:13384
HGNC:3178	biolink:gene_associated_with_condition	MONDO:800026
HGNC:3179	biolink:contributes_to	MONDO:8000
HGNC:319	biolink:causes	MONDO:14343
HGNC:319	biolink:gene_associated_with_condition	MONDO:12019
HGNC:31923	biolink:causes	MONDO:8377
HGNC:31923	biolink:causes	MONDO:11473
HGNC:3218	biolink:causes	MONDO:8377
HGNC:3226	biolink:causes	MONDO:14343
HGNC:3236	biolink:causes	MONDO:14481
HGNC:3239	biolink:causes	MONDO:7790
HGNC:3239	biolink:gene_associated_with_condition	MONDO:11527
HGNC:3247	biolink:causes	MONDO:14275
HGNC:32621	biolink:contributes_to	MONDO:30313
HGNC:32689	biolink:causes	MONDO:14830
HGNC:327	biolink:causes	MONDO:14343
HGNC:327	biolink:gene_associated_with_condition	MONDO:10823
HGNC:329	biolink:causes	MONDO:14052
HGNC:32925	biolink:gene_associated_with_condition	MONDO:12116
HGNC:33	biolink:gene_associated_with_condition	MONDO:800029
HGNC:3331	biolink:causes	MONDO:100531
HGNC:3356	biolink:causes	MONDO:8817
HGNC:3373	biolink:causes	MONDO:20769
HGNC:3386	biolink:causes	MONDO:7288
HGNC:33867	biolink:gene_associated_with_condition	MONDO:100294
HGNC:33882	biolink:causes	MONDO:24607
HGNC:33914	biolink:causes	MONDO:859374
HGNC:33939	biolink:causes	MONDO:30905
HGNC:3395	biolink:causes	MONDO:20785
HGNC:34	biolink:contributes_to	MONDO:7932
HGNC:341	biolink:gene_associated_with_condition	MONDO:9823
HGNC:3424	biolink:causes	MONDO:33047
HGNC:3433	biolink:causes	MONDO:12554
HGNC:3434	biolink:causes	MONDO:11125
HGNC:3435	biolink:causes	MONDO:12531
HGNC:3436	biolink:gene_associated_with_condition	MONDO:19569
HGNC:3438	biolink:causes	MONDO:19570
HGNC:3438	biolink:gene_associated_with_condition	MONDO:8998
HGNC:3438	biolink:gene_associated_with_condition	MONDO:19569
HGNC:3439	biolink:gene_associated_with_condition	MONDO:19569
HGNC:3444	biolink:causes	MONDO:14343
HGNC:34519	biolink:causes	MONDO:975841
HGNC:3468	biolink:causes	MONDO:32590
HGNC:3497	biolink:gene_associated_with_condition	MONDO:8673
HGNC:35123	biolink:causes	MONDO:958194
HGNC:35126	biolink:causes	MONDO:14343
HGNC:3513	biolink:causes	MONDO:14343
HGNC:3522	biolink:causes	MONDO:11541
HGNC:3527	biolink:causes	MONDO:14343
HGNC:3530	biolink:gene_associated_with_condition	MONDO:12526
HGNC:3531	biolink:contributes_to	MONDO:8559
HGNC:3534	biolink:causes	MONDO:13190
HGNC:3546	biolink:gene_associated_with_condition	MONDO:15787
HGNC:358	biolink:gene_associated_with_condition	MONDO:10911
HGNC:3583	biolink:causes	MONDO:9215
HGNC:3584	biolink:causes	MONDO:9213
HGNC:3586	biolink:causes	MONDO:9215
HGNC:3587	biolink:causes	MONDO:9215
HGNC:360	biolink:gene_associated_with_condition	MONDO:9411
HGNC:3600	biolink:causes	MONDO:11984
HGNC:3600	biolink:gene_associated_with_condition	MONDO:11984
HGNC:3602	biolink:causes	MONDO:9052
HGNC:3607	biolink:causes	MONDO:859246
HGNC:3622	biolink:causes	MONDO:13156
HGNC:3662	biolink:gene_associated_with_condition	MONDO:15096
HGNC:3663	biolink:causes	MONDO:14343
HGNC:3666	biolink:causes	MONDO:859578
HGNC:3670	biolink:causes	MONDO:859086
HGNC:3671	biolink:causes	MONDO:859340
HGNC:3671	biolink:gene_associated_with_condition	MONDO:859340
HGNC:3677	biolink:causes	MONDO:14319
HGNC:3680	biolink:gene_associated_with_condition	MONDO:8660
HGNC:3686	biolink:causes	MONDO:14343
HGNC:3690	biolink:gene_associated_with_condition	MONDO:8546
HGNC:3694	biolink:gene_associated_with_condition	MONDO:15096
HGNC:3702	biolink:causes	MONDO:10415
HGNC:3706	biolink:gene_associated_with_condition	MONDO:9469
HGNC:37234	biolink:causes	MONDO:14343
HGNC:37247	biolink:causes	MONDO:975837
HGNC:37261	biolink:causes	MONDO:8377
HGNC:37276	biolink:causes	MONDO:14474
HGNC:3754	biolink:causes	MONDO:10704
HGNC:3754	biolink:causes	MONDO:24550
HGNC:3754	biolink:gene_associated_with_condition	MONDO:8000011
HGNC:3755	biolink:causes	MONDO:7167
HGNC:3755	biolink:causes	MONDO:14343
HGNC:3756	biolink:causes	MONDO:14883
HGNC:3762	biolink:causes	MONDO:14107
HGNC:3765	biolink:gene_associated_with_condition	MONDO:35940
HGNC:3767	biolink:causes	MONDO:32913
HGNC:3778	biolink:causes	MONDO:11165
HGNC:379	biolink:causes	MONDO:12738
HGNC:3816	biolink:causes	MONDO:32874
HGNC:388	biolink:causes	MONDO:9339
HGNC:388	biolink:gene_associated_with_condition	MONDO:9339
HGNC:39080	biolink:contributes_to	MONDO:13193
HGNC:391	biolink:causes	MONDO:14048
HGNC:393	biolink:causes	MONDO:14407
HGNC:3951	biolink:causes	MONDO:100340
HGNC:3960	biolink:causes	MONDO:11935
HGNC:397	biolink:causes	MONDO:20721
HGNC:3976	biolink:causes	MONDO:14225
HGNC:3976	biolink:causes	MONDO:958012
HGNC:40045	biolink:causes	MONDO:33654
HGNC:40050	biolink:causes	MONDO:32872
HGNC:4006	biolink:causes	MONDO:14343
HGNC:4042	biolink:causes	MONDO:7589
HGNC:4081	biolink:causes	MONDO:14942
HGNC:4082	biolink:causes	MONDO:20631
HGNC:4083	biolink:contributes_to	MONDO:12843
HGNC:4125	biolink:causes	MONDO:100252
HGNC:4162	biolink:causes	MONDO:11091
HGNC:4162	biolink:causes	MONDO:15353
HGNC:4162	biolink:gene_associated_with_condition	MONDO:11091
HGNC:4165	biolink:gene_associated_with_condition	MONDO:16355
HGNC:4173	biolink:gene_associated_with_condition	MONDO:35555
HGNC:4177	biolink:causes	MONDO:9265
HGNC:4177	biolink:gene_associated_with_condition	MONDO:9266
HGNC:4193	biolink:causes	MONDO:7495
HGNC:4195	biolink:causes	MONDO:7453
HGNC:4198	biolink:causes	MONDO:24570
HGNC:42	biolink:causes	MONDO:11156
HGNC:42	biolink:gene_associated_with_condition	MONDO:11156
HGNC:4204	biolink:causes	MONDO:44220
HGNC:4204	biolink:gene_associated_with_condition	MONDO:21548
HGNC:4208	biolink:causes	MONDO:957382
HGNC:4214	biolink:causes	MONDO:13463
HGNC:4217	biolink:causes	MONDO:14217
HGNC:4220	biolink:causes	MONDO:7216
HGNC:4220	biolink:causes	MONDO:14125
HGNC:4220	biolink:gene_associated_with_condition	MONDO:7215
HGNC:4220	biolink:gene_associated_with_condition	MONDO:7216
HGNC:4220	biolink:gene_associated_with_condition	MONDO:7221
HGNC:4237	biolink:causes	MONDO:13139
HGNC:4249	biolink:causes	MONDO:859189
HGNC:4261	biolink:gene_associated_with_condition	MONDO:8250
HGNC:427	biolink:contributes_to	MONDO:13083
HGNC:4286	biolink:causes	MONDO:33012
HGNC:4298	biolink:causes	MONDO:9260
HGNC:4298	biolink:causes	MONDO:9262
HGNC:4298	biolink:gene_associated_with_condition	MONDO:9262
HGNC:4312	biolink:contributes_to	MONDO:12039
HGNC:4318	biolink:causes	MONDO:12563
HGNC:4319	biolink:causes	MONDO:14343
HGNC:4332	biolink:causes	MONDO:25699
HGNC:437	biolink:gene_associated_with_condition	MONDO:35370
HGNC:4379	biolink:causes	MONDO:7792
HGNC:4379	biolink:causes	MONDO:14146
HGNC:4379	biolink:gene_associated_with_condition	MONDO:975757
HGNC:4392	biolink:causes	MONDO:12912
HGNC:4392	biolink:causes	MONDO:14343
HGNC:4392	biolink:gene_associated_with_condition	MONDO:12911
HGNC:4392	biolink:gene_associated_with_condition	MONDO:12912
HGNC:4393	biolink:causes	MONDO:8377
HGNC:4393	biolink:causes	MONDO:12497
HGNC:4398	biolink:causes	MONDO:859173
HGNC:44204	biolink:causes	MONDO:44282
HGNC:4422	biolink:causes	MONDO:9658
HGNC:4431	biolink:causes	MONDO:13526
HGNC:445	biolink:gene_associated_with_condition	MONDO:11223
HGNC:4452	biolink:causes	MONDO:20602
HGNC:450	biolink:causes	MONDO:14343
HGNC:4507	biolink:contributes_to	MONDO:100460
HGNC:451	biolink:causes	MONDO:8377
HGNC:4510	biolink:gene_associated_with_condition	MONDO:958354
HGNC:4556	biolink:causes	MONDO:9593
HGNC:4576	biolink:gene_associated_with_condition	MONDO:14530
HGNC:4584	biolink:gene_associated_with_condition	MONDO:13907
HGNC:4588	biolink:causes	MONDO:14947
HGNC:4593	biolink:gene_associated_with_condition	MONDO:33479
HGNC:4598	biolink:causes	MONDO:8377
HGNC:4651	biolink:causes	MONDO:14841
HGNC:4678	biolink:causes	MONDO:8377
HGNC:4679	biolink:causes	MONDO:8377
HGNC:4689	biolink:causes	MONDO:8764
HGNC:4689	biolink:causes	MONDO:11143
HGNC:469	biolink:gene_associated_with_condition	MONDO:14305
HGNC:47	biolink:causes	MONDO:20619
HGNC:4713	biolink:causes	MONDO:14343
HGNC:4785	biolink:causes	MONDO:30730
HGNC:4787	biolink:causes	MONDO:30729
HGNC:4796	biolink:causes	MONDO:14343
HGNC:4798	biolink:contributes_to	MONDO:14682
HGNC:4799	biolink:causes	MONDO:12382
HGNC:4799	biolink:gene_associated_with_condition	MONDO:12382
HGNC:48	biolink:causes	MONDO:10524
HGNC:4800	biolink:gene_associated_with_condition	MONDO:37149
HGNC:4816	biolink:causes	MONDO:14711
HGNC:4817	biolink:gene_associated_with_condition	MONDO:9300
HGNC:4823	biolink:causes	MONDO:54802
HGNC:4837	biolink:causes	MONDO:24552
HGNC:485	biolink:causes	MONDO:23662
HGNC:4868	biolink:causes	MONDO:44255
HGNC:4877	biolink:causes	MONDO:14343
HGNC:4886	biolink:gene_associated_with_condition	MONDO:958085
HGNC:4887	biolink:gene_associated_with_condition	MONDO:958085
HGNC:4888	biolink:contributes_to	MONDO:11285
HGNC:492	biolink:causes	MONDO:8447
HGNC:4922	biolink:causes	MONDO:8377
HGNC:4922	biolink:causes	MONDO:44320
HGNC:4948	biolink:contributes_to	MONDO:8399
HGNC:4948	biolink:contributes_to	MONDO:21571
HGNC:4979	biolink:causes	MONDO:14343
HGNC:4982	biolink:causes	MONDO:958226
HGNC:5006	biolink:causes	MONDO:957270
HGNC:5031	biolink:causes	MONDO:14181
HGNC:5037	biolink:causes	MONDO:12193
HGNC:5037	biolink:gene_associated_with_condition	MONDO:12193
HGNC:5041	biolink:gene_associated_with_condition	MONDO:859301
HGNC:5048	biolink:causes	MONDO:33363
HGNC:5136	biolink:causes	MONDO:7222
HGNC:5136	biolink:causes	MONDO:8513
HGNC:5136	biolink:gene_associated_with_condition	MONDO:17544
HGNC:5147	biolink:causes	MONDO:10162
HGNC:5147	biolink:gene_associated_with_condition	MONDO:10162
HGNC:5201	biolink:contributes_to	MONDO:13946
HGNC:5208	biolink:causes	MONDO:13842
HGNC:5209	biolink:causes	MONDO:9025
HGNC:5227	biolink:gene_associated_with_condition	MONDO:18611
HGNC:5228	biolink:gene_associated_with_condition	MONDO:14866
HGNC:5246	biolink:causes	MONDO:12080
HGNC:5248	biolink:causes	MONDO:13243
HGNC:5261	biolink:causes	MONDO:11532
HGNC:5331	biolink:contributes_to	MONDO:9960
HGNC:5383	biolink:causes	MONDO:13345
HGNC:5383	biolink:causes	MONDO:14343
HGNC:5385	biolink:causes	MONDO:8377
HGNC:5385	biolink:causes	MONDO:12943
HGNC:5389	biolink:gene_associated_with_condition	MONDO:16316
HGNC:543	biolink:contributes_to	MONDO:13729
HGNC:5433	biolink:contributes_to	MONDO:12488
HGNC:5440	biolink:causes	MONDO:13953
HGNC:5456	biolink:gene_associated_with_condition	MONDO:11834
HGNC:5466	biolink:causes	MONDO:14343
HGNC:5477	biolink:gene_associated_with_condition	MONDO:35945
HGNC:5542	biolink:causes	MONDO:11436
HGNC:568	biolink:gene_associated_with_condition	MONDO:14885
HGNC:57	biolink:causes	MONDO:8377
HGNC:57	biolink:causes	MONDO:13768
HGNC:572	biolink:causes	MONDO:13551
HGNC:573	biolink:causes	MONDO:8483
HGNC:589	biolink:causes	MONDO:33115
HGNC:59	biolink:causes	MONDO:30088
HGNC:5948	biolink:causes	MONDO:14343
HGNC:5965	biolink:contributes_to	MONDO:12488
HGNC:600	biolink:causes	MONDO:859238
HGNC:6000	biolink:causes	MONDO:14343
HGNC:601	biolink:contributes_to	MONDO:7750
HGNC:6021	biolink:causes	MONDO:30681
HGNC:6027	biolink:causes	MONDO:30374
HGNC:6052	biolink:causes	MONDO:8379
HGNC:6055	biolink:causes	MONDO:8377
HGNC:6080	biolink:causes	MONDO:14343
HGNC:6081	biolink:causes	MONDO:7454
HGNC:6081	biolink:causes	MONDO:30089
HGNC:6091	biolink:causes	MONDO:12520
HGNC:6107	biolink:causes	MONDO:11667
HGNC:6116	biolink:causes	MONDO:958011
HGNC:6120	biolink:contributes_to	MONDO:12834
HGNC:613	biolink:causes	MONDO:11743
HGNC:613	biolink:contributes_to	MONDO:11285
HGNC:6158	biolink:gene_associated_with_condition	MONDO:12807
HGNC:6171	biolink:gene_associated_with_condition	MONDO:13081
HGNC:6176	biolink:gene_associated_with_condition	MONDO:14719
HGNC:6180	biolink:gene_associated_with_condition	MONDO:11694
HGNC:6182	biolink:causes	MONDO:859311
HGNC:6189	biolink:causes	MONDO:30456
HGNC:6192	biolink:causes	MONDO:13794
HGNC:620	biolink:gene_associated_with_condition	MONDO:17946
HGNC:620	biolink:gene_associated_with_condition	MONDO:17947
HGNC:6211	biolink:causes	MONDO:7794
HGNC:6215	biolink:causes	MONDO:13489
HGNC:6215	biolink:causes	MONDO:30967
HGNC:6235	biolink:causes	MONDO:11529
HGNC:6239	biolink:gene_associated_with_condition	MONDO:11819
HGNC:6242	biolink:causes	MONDO:12677
HGNC:6254	biolink:causes	MONDO:957812
HGNC:6256	biolink:causes	MONDO:10933
HGNC:6257	biolink:causes	MONDO:12522
HGNC:6308	biolink:causes	MONDO:20611
HGNC:6320	biolink:causes	MONDO:30071
HGNC:6323	biolink:gene_associated_with_condition	MONDO:17940
HGNC:6343	biolink:causes	MONDO:14738
HGNC:6344	biolink:causes	MONDO:60715
HGNC:6365	biolink:causes	MONDO:8772
HGNC:6391	biolink:gene_associated_with_condition	MONDO:11335
HGNC:6392	biolink:causes	MONDO:7109
HGNC:6407	biolink:causes	MONDO:13767
HGNC:6407	biolink:causes	MONDO:14112
HGNC:6408	biolink:gene_associated_with_condition	MONDO:35337
HGNC:6412	biolink:causes	MONDO:10962
HGNC:6412	biolink:causes	MONDO:957303
HGNC:6415	biolink:causes	MONDO:14346
HGNC:6416	biolink:causes	MONDO:7551
HGNC:6423	biolink:gene_associated_with_condition	MONDO:7758
HGNC:6423	biolink:gene_associated_with_condition	MONDO:14622
HGNC:6440	biolink:causes	MONDO:32904
HGNC:6442	biolink:causes	MONDO:30535
HGNC:6463	biolink:causes	MONDO:700343
HGNC:6469	biolink:causes	MONDO:14343
HGNC:6481	biolink:causes	MONDO:8377
HGNC:6483	biolink:causes	MONDO:30746
HGNC:6485	biolink:causes	MONDO:31061
HGNC:649	biolink:causes	MONDO:14343
HGNC:6490	biolink:causes	MONDO:9182
HGNC:6512	biolink:gene_associated_with_condition	MONDO:24568
HGNC:6518	biolink:causes	MONDO:14343
HGNC:6546	biolink:causes	MONDO:54559
HGNC:6556	biolink:causes	MONDO:859304
HGNC:6572	biolink:causes	MONDO:700090
HGNC:6584	biolink:gene_associated_with_condition	MONDO:9223
HGNC:6585	biolink:gene_associated_with_condition	MONDO:19930
HGNC:6595	biolink:causes	MONDO:14343
HGNC:6636	biolink:gene_associated_with_condition	MONDO:7269
HGNC:6636	biolink:gene_associated_with_condition	MONDO:17403
HGNC:6637	biolink:causes	MONDO:30928
HGNC:6638	biolink:gene_associated_with_condition	MONDO:14685
HGNC:6696	biolink:causes	MONDO:13679
HGNC:6700	biolink:contributes_to	MONDO:12039
HGNC:6709	biolink:contributes_to	MONDO:12039
HGNC:6715	biolink:causes	MONDO:13122
HGNC:6722	biolink:causes	MONDO:20614
HGNC:6735	biolink:causes	MONDO:957271
HGNC:6740	biolink:causes	MONDO:971009
HGNC:6742	biolink:causes	MONDO:14693
HGNC:6770	biolink:causes	MONDO:14343
HGNC:68	biolink:causes	MONDO:13925
HGNC:6814	biolink:gene_associated_with_condition	MONDO:15783
HGNC:6814	biolink:gene_associated_with_condition	MONDO:100101
HGNC:6816	biolink:causes	MONDO:8377
HGNC:6823	biolink:causes	MONDO:13624
HGNC:6826	biolink:gene_associated_with_condition	MONDO:17732
HGNC:6858	biolink:gene_associated_with_condition	MONDO:7648
HGNC:6871	biolink:causes	MONDO:33669
HGNC:6898	biolink:causes	MONDO:14566
HGNC:6898	biolink:causes	MONDO:30518
HGNC:6909	biolink:causes	MONDO:11765
HGNC:6909	biolink:causes	MONDO:14343
HGNC:6909	biolink:contributes_to	MONDO:7704
HGNC:691	biolink:causes	MONDO:11181
HGNC:6915	biolink:causes	MONDO:859530
HGNC:694	biolink:causes	MONDO:32570
HGNC:694	biolink:causes	MONDO:32577
HGNC:6944	biolink:causes	MONDO:14853
HGNC:6948	biolink:causes	MONDO:33046
HGNC:6949	biolink:causes	MONDO:6065
HGNC:6954	biolink:causes	MONDO:9617
HGNC:6970	biolink:causes	MONDO:30072
HGNC:6998	biolink:gene_associated_with_condition	MONDO:18015
HGNC:7010	biolink:causes	MONDO:7540
HGNC:7010	biolink:causes	MONDO:7767
HGNC:7010	biolink:gene_associated_with_condition	MONDO:10911
HGNC:7027	biolink:causes	MONDO:13469
HGNC:707	biolink:gene_associated_with_condition	MONDO:859324
HGNC:7096	biolink:causes	MONDO:10489
HGNC:7102	biolink:causes	MONDO:30438
HGNC:7102	biolink:gene_associated_with_condition	MONDO:13993
HGNC:7103	biolink:gene_associated_with_condition	MONDO:20378
HGNC:7106	biolink:gene_associated_with_condition	MONDO:17176
HGNC:7108	biolink:causes	MONDO:11523
HGNC:7127	biolink:causes	MONDO:12041
HGNC:7132	biolink:gene_associated_with_condition	MONDO:35941
HGNC:7133	biolink:gene_associated_with_condition	MONDO:35651
HGNC:714	biolink:gene_associated_with_condition	MONDO:17172
HGNC:7154	biolink:causes	MONDO:14866
HGNC:7176	biolink:causes	MONDO:14343
HGNC:719	biolink:causes	MONDO:14343
HGNC:7199	biolink:causes	MONDO:957278
HGNC:7224	biolink:causes	MONDO:32728
HGNC:7225	biolink:causes	MONDO:11889
HGNC:7225	biolink:causes	MONDO:20765
HGNC:7326	biolink:causes	MONDO:12041
HGNC:7326	biolink:causes	MONDO:44300
HGNC:7326	biolink:gene_associated_with_condition	MONDO:44300
HGNC:7328	biolink:causes	MONDO:44317
HGNC:7372	biolink:contributes_to	MONDO:12758
HGNC:7391	biolink:causes	MONDO:12142
HGNC:7392	biolink:gene_associated_with_condition	MONDO:11481
HGNC:7450	biolink:gene_associated_with_condition	MONDO:11066
HGNC:7467	biolink:causes	MONDO:8377
HGNC:7506	biolink:causes	MONDO:30880
HGNC:7516	biolink:gene_associated_with_condition	MONDO:800029
HGNC:7526	biolink:gene_associated_with_condition	MONDO:17360
HGNC:7527	biolink:gene_associated_with_condition	MONDO:12041
HGNC:7530	biolink:causes	MONDO:8377
HGNC:7551	biolink:causes	MONDO:14163
HGNC:7559	biolink:causes	MONDO:958279
HGNC:7569	biolink:causes	MONDO:25708
HGNC:7569	biolink:gene_associated_with_condition	MONDO:100354
HGNC:7576	biolink:causes	MONDO:13198
HGNC:7577	biolink:causes	MONDO:9708
HGNC:7577	biolink:gene_associated_with_condition	MONDO:9708
HGNC:7577	biolink:gene_associated_with_condition	MONDO:17939
HGNC:7590	biolink:causes	MONDO:13418
HGNC:7599	biolink:causes	MONDO:13589
HGNC:7601	biolink:causes	MONDO:11774
HGNC:7606	biolink:causes	MONDO:8377
HGNC:7610	biolink:causes	MONDO:7664
HGNC:7623	biolink:gene_associated_with_condition	MONDO:957477
HGNC:7631	biolink:gene_associated_with_condition	MONDO:12221
HGNC:7631	biolink:gene_associated_with_condition	MONDO:12222
HGNC:7632	biolink:gene_associated_with_condition	MONDO:14665
HGNC:7634	biolink:gene_associated_with_condition	MONDO:9672
HGNC:7643	biolink:causes	MONDO:30837
HGNC:7662	biolink:causes	MONDO:13507
HGNC:7679	biolink:causes	MONDO:11085
HGNC:7679	biolink:gene_associated_with_condition	MONDO:11085
HGNC:7690	biolink:causes	MONDO:32636
HGNC:7693	biolink:causes	MONDO:32630
HGNC:7702	biolink:causes	MONDO:859320
HGNC:7708	biolink:causes	MONDO:32611
HGNC:7717	biolink:causes	MONDO:32612
HGNC:7720	biolink:causes	MONDO:30281
HGNC:7737	biolink:causes	MONDO:14836
HGNC:7739	biolink:gene_associated_with_condition	MONDO:11902
HGNC:7744	biolink:contributes_to	MONDO:54750
HGNC:7744	biolink:gene_associated_with_condition	MONDO:9642
HGNC:7745	biolink:causes	MONDO:8377
HGNC:7765	biolink:gene_associated_with_condition	MONDO:9994
HGNC:7776	biolink:causes	MONDO:859369
HGNC:7808	biolink:causes	MONDO:12092
HGNC:7818	biolink:causes	MONDO:30684
HGNC:7820	biolink:causes	MONDO:10544
HGNC:7821	biolink:gene_associated_with_condition	MONDO:17111
HGNC:7853	biolink:causes	MONDO:31054
HGNC:7863	biolink:causes	MONDO:13874
HGNC:7871	biolink:gene_associated_with_condition	MONDO:10501
HGNC:7876	biolink:contributes_to	MONDO:7088
HGNC:7881	biolink:causes	MONDO:24523
HGNC:7883	biolink:causes	MONDO:14122
HGNC:7883	biolink:gene_associated_with_condition	MONDO:914
HGNC:7897	biolink:gene_associated_with_condition	MONDO:16308
HGNC:7897	biolink:gene_associated_with_condition	MONDO:16309
HGNC:791	biolink:causes	MONDO:14677
HGNC:7939	biolink:causes	MONDO:12816
HGNC:7944	biolink:causes	MONDO:11275
HGNC:7945	biolink:causes	MONDO:14343
HGNC:7983	biolink:causes	MONDO:60489
HGNC:7983	biolink:gene_associated_with_condition	MONDO:16281
HGNC:7989	biolink:causes	MONDO:13186
HGNC:799	biolink:causes	MONDO:20788
HGNC:799	biolink:causes	MONDO:54833
HGNC:7994	biolink:causes	MONDO:859236
HGNC:800	biolink:causes	MONDO:859204
HGNC:8001	biolink:causes	MONDO:32646
HGNC:8028	biolink:causes	MONDO:12041
HGNC:8028	biolink:gene_associated_with_condition	MONDO:14630
HGNC:8029	biolink:causes	MONDO:8002
HGNC:8031	biolink:causes	MONDO:7958
HGNC:8032	biolink:gene_associated_with_condition	MONDO:850115
HGNC:8082	biolink:causes	MONDO:8377
HGNC:8091	biolink:causes	MONDO:8377
HGNC:8101	biolink:causes	MONDO:44255
HGNC:8104	biolink:causes	MONDO:20789
HGNC:8140	biolink:causes	MONDO:8377
HGNC:8142	biolink:causes	MONDO:8133
HGNC:8157	biolink:causes	MONDO:13715
HGNC:8157	biolink:gene_associated_with_condition	MONDO:11585
HGNC:823	biolink:causes	MONDO:14091
HGNC:823	biolink:causes	MONDO:20727
HGNC:8487	biolink:causes	MONDO:9143
HGNC:851	biolink:causes	MONDO:27451
HGNC:8522	biolink:causes	MONDO:14343
HGNC:8522	biolink:gene_associated_with_condition	MONDO:12413
HGNC:854	biolink:causes	MONDO:14646
HGNC:8546	biolink:causes	MONDO:7738
HGNC:8547	biolink:causes	MONDO:8377
HGNC:8549	biolink:gene_associated_with_condition	MONDO:13559
HGNC:8565	biolink:causes	MONDO:958176
HGNC:8591	biolink:causes	MONDO:100119
HGNC:8592	biolink:causes	MONDO:10361
HGNC:8604	biolink:causes	MONDO:14343
HGNC:8604	biolink:gene_associated_with_condition	MONDO:19666
HGNC:8607	biolink:causes	MONDO:10820
HGNC:8609	biolink:causes	MONDO:14612
HGNC:8617	biolink:causes	MONDO:7862
HGNC:8617	biolink:causes	MONDO:14343
HGNC:8617	biolink:gene_associated_with_condition	MONDO:7862
HGNC:8618	biolink:contributes_to	MONDO:100180
HGNC:8619	biolink:gene_associated_with_condition	MONDO:957427
HGNC:8620	biolink:causes	MONDO:8377
HGNC:8622	biolink:causes	MONDO:24264
HGNC:8623	biolink:causes	MONDO:11477
HGNC:8632	biolink:gene_associated_with_condition	MONDO:600030
HGNC:8657	biolink:causes	MONDO:9625
HGNC:868	biolink:causes	MONDO:10504
HGNC:8717	biolink:causes	MONDO:859252
HGNC:8740	biolink:gene_associated_with_condition	MONDO:13990
HGNC:8756	biolink:causes	MONDO:32906
HGNC:8756	biolink:gene_associated_with_condition	MONDO:32906
HGNC:8768	biolink:causes	MONDO:10689
HGNC:8768	biolink:causes	MONDO:14343
HGNC:8768	biolink:gene_associated_with_condition	MONDO:10275
HGNC:8773	biolink:gene_associated_with_condition	MONDO:958262
HGNC:8778	biolink:causes	MONDO:14343
HGNC:8786	biolink:causes	MONDO:8377
HGNC:8787	biolink:causes	MONDO:8377
HGNC:8789	biolink:causes	MONDO:13315
HGNC:8790	biolink:causes	MONDO:12398
HGNC:8794	biolink:gene_associated_with_condition	MONDO:958263
HGNC:8804	biolink:causes	MONDO:14004
HGNC:8818	biolink:causes	MONDO:10933
HGNC:882	biolink:causes	MONDO:14343
HGNC:8820	biolink:gene_associated_with_condition	MONDO:12449
HGNC:8846	biolink:causes	MONDO:11442
HGNC:8849	biolink:causes	MONDO:30007
HGNC:8850	biolink:gene_associated_with_condition	MONDO:100229
HGNC:8851	biolink:causes	MONDO:13937
HGNC:8853	biolink:causes	MONDO:13967
HGNC:8854	biolink:causes	MONDO:13927
HGNC:8858	biolink:causes	MONDO:13948
HGNC:8859	biolink:causes	MONDO:14343
HGNC:8860	biolink:gene_associated_with_condition	MONDO:8972
HGNC:888	biolink:causes	MONDO:13634
HGNC:8881	biolink:causes	MONDO:13891
HGNC:8896	biolink:causes	MONDO:8377
HGNC:8923	biolink:gene_associated_with_condition	MONDO:9736
HGNC:8925	biolink:gene_associated_with_condition	MONDO:10362
HGNC:8940	biolink:causes	MONDO:8377
HGNC:8940	biolink:causes	MONDO:9958
HGNC:8959	biolink:causes	MONDO:32822
HGNC:8977	biolink:causes	MONDO:14222
HGNC:8979	biolink:causes	MONDO:14453
HGNC:8996	biolink:causes	MONDO:12656
HGNC:9004	biolink:causes	MONDO:14343
HGNC:9006	biolink:causes	MONDO:12527
HGNC:9038	biolink:causes	MONDO:8377
HGNC:9039	biolink:causes	MONDO:12444
HGNC:9039	biolink:causes	MONDO:13060
HGNC:9039	biolink:causes	MONDO:24457
HGNC:9039	biolink:gene_associated_with_condition	MONDO:13060
HGNC:9039	biolink:gene_associated_with_condition	MONDO:24457
HGNC:9046	biolink:contributes_to	MONDO:11073
HGNC:9056	biolink:causes	MONDO:14343
HGNC:9056	biolink:gene_associated_with_condition	MONDO:30074
HGNC:9066	biolink:gene_associated_with_condition	MONDO:13766
HGNC:9069	biolink:causes	MONDO:14661
HGNC:9069	biolink:gene_associated_with_condition	MONDO:13390
HGNC:9080	biolink:causes	MONDO:13475
HGNC:9083	biolink:causes	MONDO:7738
HGNC:9086	biolink:gene_associated_with_condition	MONDO:17223
HGNC:9091	biolink:causes	MONDO:14343
HGNC:9118	biolink:causes	MONDO:7309
HGNC:9118	biolink:causes	MONDO:7311
HGNC:9119	biolink:causes	MONDO:54785
HGNC:9137	biolink:causes	MONDO:54844
HGNC:9143	biolink:gene_associated_with_condition	MONDO:800026
HGNC:9154	biolink:causes	MONDO:14557
HGNC:9175	biolink:causes	MONDO:970994
HGNC:9175	biolink:contributes_to	MONDO:12953
HGNC:9177	biolink:causes	MONDO:12041
HGNC:9179	biolink:causes	MONDO:13350
HGNC:9181	biolink:causes	MONDO:10214
HGNC:9202	biolink:causes	MONDO:9364
HGNC:9210	biolink:causes	MONDO:14343
HGNC:9210	biolink:gene_associated_with_condition	MONDO:8250
HGNC:9218	biolink:causes	MONDO:859158
HGNC:9220	biolink:causes	MONDO:11226
HGNC:9236	biolink:gene_associated_with_condition	MONDO:11448
HGNC:9255	biolink:gene_associated_with_condition	MONDO:8148
HGNC:9260	biolink:causes	MONDO:30258
HGNC:9280	biolink:causes	MONDO:957577
HGNC:9282	biolink:causes	MONDO:14343
HGNC:9305	biolink:causes	MONDO:11439
HGNC:9305	biolink:gene_associated_with_condition	MONDO:11439
HGNC:9330	biolink:gene_associated_with_condition	MONDO:19769
HGNC:9369	biolink:causes	MONDO:859276
HGNC:9382	biolink:causes	MONDO:14518
HGNC:939	biolink:causes	MONDO:13061
HGNC:939	biolink:causes	MONDO:976226
HGNC:9390	biolink:causes	MONDO:859214
HGNC:9402	biolink:causes	MONDO:11540
HGNC:9449	biolink:gene_associated_with_condition	MONDO:11299
HGNC:9454	biolink:causes	MONDO:11957
HGNC:9454	biolink:causes	MONDO:12983
HGNC:9462	biolink:gene_associated_with_condition	MONDO:18464
HGNC:9498	biolink:gene_associated_with_condition	MONDO:17729
HGNC:9508	biolink:causes	MONDO:13398
HGNC:951	biolink:causes	MONDO:14343
HGNC:9538	biolink:causes	MONDO:971001
HGNC:9541	biolink:causes	MONDO:54699
HGNC:9585	biolink:causes	MONDO:11556
HGNC:9585	biolink:causes	MONDO:12562
HGNC:9587	biolink:causes	MONDO:14343
HGNC:9588	biolink:causes	MONDO:12041
HGNC:9588	biolink:contributes_to	MONDO:11789
HGNC:959	biolink:causes	MONDO:13108
HGNC:9607	biolink:causes	MONDO:13244
HGNC:9608	biolink:causes	MONDO:14343
HGNC:9639	biolink:causes	MONDO:859264
HGNC:9644	biolink:causes	MONDO:14343
HGNC:9658	biolink:gene_associated_with_condition	MONDO:35236
HGNC:966	biolink:causes	MONDO:8854
HGNC:9688	biolink:causes	MONDO:13225
HGNC:970	biolink:causes	MONDO:14434
HGNC:9717	biolink:causes	MONDO:13932
HGNC:9719	biolink:causes	MONDO:8954
HGNC:9721	biolink:causes	MONDO:13051
HGNC:9721	biolink:causes	MONDO:14343
HGNC:9768	biolink:causes	MONDO:8377
HGNC:977	biolink:causes	MONDO:100058
HGNC:9811	biolink:causes	MONDO:13864
HGNC:9811	biolink:gene_associated_with_condition	MONDO:7874
HGNC:9859	biolink:causes	MONDO:958001
HGNC:9863	biolink:causes	MONDO:100102
HGNC:987	biolink:gene_associated_with_condition	MONDO:17051
HGNC:987	biolink:gene_associated_with_condition	MONDO:17053
HGNC:9870	biolink:gene_associated_with_condition	MONDO:14506
HGNC:9871	biolink:causes	MONDO:11556
HGNC:9879	biolink:causes	MONDO:14386
HGNC:9910	biolink:causes	MONDO:10661
HGNC:9910	biolink:gene_associated_with_condition	MONDO:10277
HGNC:9910	biolink:gene_associated_with_condition	MONDO:10661
HGNC:9912	biolink:causes	MONDO:10767
HGNC:9921	biolink:causes	MONDO:14093
HGNC:9922	biolink:causes	MONDO:14635
HGNC:9940	biolink:causes	MONDO:8377
HGNC:9942	biolink:causes	MONDO:8210
HGNC:9949	biolink:causes	MONDO:16369
HGNC:9955	biolink:gene_associated_with_condition	MONDO:35694
HGNC:9956	biolink:causes	MONDO:54696
HGNC:9957	biolink:causes	MONDO:700090
HGNC:9966	biolink:contributes_to	MONDO:14779
HGNC:9967	biolink:causes	MONDO:7958
HGNC:9967	biolink:causes	MONDO:8234
HGNC:9967	biolink:contributes_to	MONDO:7723
HGNC:9986	biolink:causes	MONDO:971014
HGNC:9986	biolink:causes	MONDO:971016
HGNC:9990	biolink:causes	MONDO:8377
HGNC:9990	biolink:causes	MONDO:13414
