disease	gene	rank_none	score_none	rank_40	score_40	rank_60	score_60	rank_80	score_80	rank_gain_none_to_80	score_gain_none_to_80
MONDO:0044224	HGNC:14639	37912	0.0253186170011758	24992	0.025742944329977	24226	0.0584564283490181	856	0.0904493778944015	37056	0.0651307608932257
HGNC:4165	MONDO:0016355	30558	0.4151260554790497	19334	0.7797365784645081	6390	0.8304490447044373	52	0.9684473872184752	30506	0.5533213317394255
HGNC:6342	MONDO:0020320	36860	0.1621322780847549	15966	0.4605055749416351	15310	0.692854106426239	8490	0.7973344922065735	28370	0.6352022141218185
HGNC:983	MONDO:0015270	33572	0.3454242348670959	26650	0.6301032304763794	12034	0.7056927680969238	7174	0.8985422253608704	26398	0.5531179904937744
HGNC:5286	MONDO:0044660	25150	0.3609401881694793	2268	0.8225592970848083	510	0.9021369814872742	238	0.9282651543617249	24912	0.5673249661922455
HGNC:53	MONDO:0009380	25048	0.3476201891899109	18800	0.4240021109580993	4062	0.8122130632400513	1662	0.8310546278953552	23386	0.48343443870544434
MONDO:0014217	HGNC:4217	21932	0.5165131688117981	17980	0.5188999176025391	5414	0.7731544971466064	80	0.9754766821861268	21852	0.4589635133743287
HGNC:13867	MONDO:0010296	36408	0.181081548333168	23404	0.6329779624938965	16642	0.8224813938140869	14910	0.8229075074195862	21498	0.6418259590864182
HGNC:9956	MONDO:0054696	21660	0.672186017036438	13696	0.8869286179542542	1006	0.9766004085540771	216	0.987242579460144	21444	0.31505656242370605
MONDO:0014494	HGNC:18971	34928	0.0839230790734291	24560	0.1140476390719413	14340	0.2721230983734131	13948	0.4566186070442199	20980	0.3726955279707908
HGNC:2561	MONDO:8000006	31116	0.4893381297588348	21972	0.7155525088310242	17050	0.8352645039558411	10366	0.8850893974304199	20750	0.39575126767158514
HGNC:3179	MONDO:0008000	24356	0.4789732992649078	9508	0.746026337146759	7216	0.8600375056266785	3618	0.8644046783447266	20738	0.3854313790798188
HGNC:15626	MONDO:0008558	38746	0.0175093524158	31318	0.1282200515270233	29458	0.1567100584506988	19874	0.3053871095180511	18872	0.2878777571022511
HGNC:25705	MONDO:0014620	20106	0.8250250220298767	19690	0.8527027368545532	6754	0.94529527425766	1542	0.9668047428131104	18564	0.14177972078323364
HGNC:1607	MONDO:0016356	32272	0.38963782787323	26672	0.4420663714408874	16172	0.6763430237770081	14022	0.7401453852653503	18250	0.35050755739212036
HGNC:7171	MONDO:0011929	38198	0.0161377694457769	37186	0.0525688789784908	34490	0.1016650050878524	21098	0.1311906427145004	17100	0.1150528732687235
MONDO:0008542	HGNC:6633	17530	0.5107178688049316	7374	0.8165972828865051	728	0.942983865737915	572	0.9430193901062012	16958	0.43230152130126953
HGNC:18437	MONDO:0019475	17984	0.5718311071395874	6788	0.8709980845451355	2738	0.9144679307937622	1090	0.9447638988494872	16894	0.3729327917098998
HGNC:12469	MONDO:0026777	23340	0.7372258305549622	19308	0.8680174350738525	10418	0.9455817937850952	6730	0.9679426550865172	16610	0.23071682453155506
HGNC:5261	MONDO:0011532	30934	0.5011240839958191	21526	0.797169029712677	19634	0.8331934213638306	14854	0.8886144757270813	16080	0.3874903917312622
HGNC:3670	MONDO:0859086	23070	0.7087822556495667	18710	0.7831854224205017	9122	0.91371887922287	7216	0.9393240213394164	15854	0.23054176568984974
MONDO:0859158	HGNC:9218	15788	0.430088073015213	4978	0.9153032898902892	1436	0.982533872127533	278	0.9960035681724548	15510	0.5659154951572418
MONDO:0008542	HGNC:1987	14734	0.4894857406616211	3144	0.8966601490974426	772	0.9414901733398438	480	0.945205569267273	14254	0.45571982860565186
HGNC:13387	MONDO:0971178	13946	0.8299254179000854	2464	0.960029125213623	340	0.9777771234512328	8	0.9961800575256348	13938	0.16625463962554932
HGNC:7391	MONDO:0012142	14022	0.4299476146697998	3418	0.8362018465995789	2136	0.8844225406646729	184	0.955163300037384	13838	0.5252156853675842
MONDO:0013991	HGNC:6553	14380	0.6623392105102539	9372	0.7259117364883423	6102	0.8415541648864746	576	0.948776125907898	13804	0.28643691539764404
MONDO:0011743	HGNC:613	19196	0.499094694852829	8756	0.6134843826293945	6430	0.7210035920143127	5548	0.7754411697387695	13648	0.27634647488594055
HGNC:11281	MONDO:0007794	13516	0.903451919555664	2094	0.9718457460403442	104	0.9860894680023192	26	0.9922248125076294	13490	0.08877289295196544
HGNC:9967	MONDO:0008234	22662	0.7723956108093262	18444	0.8257609009742737	14440	0.8749874830245972	9186	0.9296714663505554	13476	0.15727585554122925
HGNC:21285	MONDO:0007748	40116	0.0081713879480957	36476	0.0252295229583978	33776	0.1952366232872009	26782	0.5492984056472778	13334	0.5411270176991821
MONDO:0016355	HGNC:4165	14808	0.3621046245098114	9174	0.7633745074272156	6028	0.8771542906761169	1828	0.9628092050552368	12980	0.6007045805454254
HGNC:1343	MONDO:0014230	13000	0.6852507591247559	5236	0.8424210548400879	3204	0.8567754626274109	228	0.944265604019165	12772	0.2590148448944092
MONDO:0008377	HGNC:7467	16996	0.80095374584198	14688	0.8162744641304016	9776	0.8780844807624817	4580	0.8878862261772156	12416	0.0869324803352356
HGNC:39080	MONDO:0013193	12814	0.1883921027183532	3722	0.3809559941291809	1924	0.4064745903015136	552	0.8210316300392151	12262	0.6326395273208619
HGNC:8028	MONDO:0014630	12262	0.8518494367599487	1318	0.9700512886047364	76	0.9926716089248656	60	0.9942625164985656	12202	0.14241307973861683
HGNC:800	MONDO:0859204	13026	0.8362807035446167	1340	0.8988987803459167	1226	0.9131900668144226	912	0.9377947449684144	12114	0.10151404142379772
HGNC:14544	MONDO:0013777	12044	0.5711736679077148	2342	0.7849802374839783	878	0.9368116855621338	28	0.989988386631012	12016	0.4188147187232971
HGNC:17208	MONDO:0014121	13254	0.881591796875	11846	0.9147619009017944	3644	0.9687781929969788	1560	0.9804024696350098	11694	0.09881067276000977
MONDO:0044660	HGNC:5286	12582	0.3086861371994018	4742	0.8696308732032776	4264	0.8754151463508606	894	0.9145150780677797	11688	0.6058289408683779
HGNC:11389	MONDO:0008280	22822	0.7760171890258789	17938	0.8231818079948425	15664	0.8913145065307617	11168	0.9299215078353882	11654	0.15390431880950928
HGNC:11992	MONDO:0020628	14310	0.7830082774162292	6564	0.9382076859474182	5694	0.94584321975708	2752	0.9685028195381165	11558	0.1854945421218872
HGNC:18628	MONDO:0958237	11814	0.6272040605545044	4048	0.9081306457519532	1182	0.9410955905914308	288	0.9619121551513672	11526	0.3347080945968628
HGNC:18831	MONDO:0013662	12888	0.4626306593418121	7508	0.7151208519935608	5920	0.7535303235054016	1550	0.915383756160736	11338	0.4527530968189239
HGNC:12974	MONDO:0010495	19400	0.7625586986541748	12296	0.8795817494392395	10432	0.9202027916908264	8126	0.9412699341773988	11274	0.178711235523224
MONDO:0008542	HGNC:32940	11266	0.6214044094085693	7324	0.8197265863418579	2984	0.8936992883682251	64	0.965646743774414	11202	0.3442423343658446
MONDO:0019475	HGNC:18437	10956	0.6756888628005981	4848	0.8734890222549438	2084	0.911844789981842	200	0.9566996097564696	10756	0.28101074695587147
HGNC:7326	MONDO:0044300	14898	0.8549677729606628	11752	0.8856663107872009	5272	0.9538467526435852	4822	0.9583905935287476	10076	0.10342282056808472
MONDO:0008559	HGNC:3531	10040	0.7140592336654663	2898	0.8687391877174377	2574	0.8962976932525635	50	0.9196940064430236	9990	0.20563477277755726
HGNC:11546	MONDO:0044313	10132	0.8446995615959167	6202	0.9164071679115297	4036	0.9190558791160583	566	0.9702362418174744	9566	0.12553668022155762
MONDO:0007137	HGNC:8117	38272	0.0077020078897476	36930	0.0302165411412715	35120	0.0455831214785575	28724	0.1314614415168762	9548	0.12375943362712859
MONDO:0017403	HGNC:11769	13024	0.8609314560890198	6336	0.8806275725364685	4462	0.8943341374397278	3698	0.909417986869812	9326	0.048486530780792236
MONDO:0011464	HGNC:19141	13396	0.5398135185241699	11702	0.6639896035194397	7524	0.7557620406150818	4208	0.8324625492095947	9188	0.2926490306854248
HGNC:195	MONDO:0013693	9066	0.8799991011619568	2164	0.939456582069397	86	0.9829319715499878	64	0.986389696598053	9002	0.10639059543609619
HGNC:1848	MONDO:0012348	9304	0.7173348069190979	3202	0.8104457855224609	534	0.910612404346466	340	0.9136377573013306	8964	0.19630295038223267
HGNC:21638	MONDO:0032677	9270	0.9051082730293274	3366	0.9455962777137756	1978	0.954684555530548	508	0.9823874235153198	8762	0.07727915048599243
HGNC:13886	MONDO:0020748	8756	0.6675822734832764	412	0.9145641326904296	130	0.9548448324203492	32	0.9779752492904664	8724	0.31039297580719005
MONDO:0013992	HGNC:6554	8292	0.8149508833885193	2254	0.9662017226219176	398	0.983252763748169	22	0.9973674416542052	8270	0.18241655826568592
MONDO:0031481	HGNC:24877	13912	0.7324420809745789	7868	0.7920520305633545	6628	0.8544763326644897	5706	0.886069118976593	8206	0.15362703800201416
MONDO:0014661	HGNC:9069	12484	0.6371981501579285	9350	0.6586281061172485	5562	0.8195226788520813	4344	0.8920526504516602	8140	0.2548545002937317
MONDO:0032717	HGNC:13764	7954	0.5693849921226501	4300	0.755282461643219	570	0.8444392681121826	42	0.8699544668197632	7912	0.30056947469711304
MONDO:0014677	HGNC:791	8144	0.6966310143470764	6936	0.7328715920448303	5032	0.8541335463523865	364	0.8955941796302795	7780	0.19896316528320312
MONDO:0013444	HGNC:13387	7700	0.4555817246437073	3420	0.9403893947601318	100	0.98635733127594	58	0.9871828556060792	7642	0.5316011309623719
MONDO:0030692	HGNC:18873	7888	0.754641056060791	2168	0.9520984292030334	452	0.9581588506698608	252	0.965247929096222	7636	0.21060687303543102
HGNC:9864	MONDO:0012883	38158	0.0464720912277698	37814	0.0797512307763099	32570	0.1540026664733886	30790	0.396189421415329	7368	0.3497173301875592
HGNC:6342	MONDO:0015557	39180	0.0581054911017417	36108	0.1507762670516967	34510	0.2266497164964676	31918	0.330537885427475	7262	0.2724323943257333
HGNC:1987	MONDO:0008542	7586	0.6412387490272522	2070	0.8927353024482727	936	0.9158101677894592	352	0.9485104084014891	7234	0.30727165937423695
MONDO:0958237	HGNC:18628	7204	0.6762698292732239	5014	0.8735897541046143	90	0.9406305551528932	52	0.966328740119934	7152	0.2900589108467101
HGNC:3236	MONDO:0014481	26416	0.6711455583572388	25330	0.738510251045227	22012	0.7876911759376526	19310	0.8348067402839661	7106	0.1636611819267273
MONDO:0009006	HGNC:1248	7122	0.7341951131820679	6344	0.7401863932609558	442	0.8756199479103088	50	0.9094324707984924	7072	0.17523735761642456
HGNC:13890	MONDO:0013245	6998	0.9431599378585817	1582	0.9814748764038086	550	0.990836262702942	48	0.9968786239624025	6950	0.0537186861038208
HGNC:7720	MONDO:0030281	7094	0.9202781915664672	498	0.9652198553085328	434	0.9791396856307985	146	0.9868149757385254	6948	0.06653678417205822
HGNC:3393	MONDO:0011361	39640	0.0294024944305419	39296	0.0396554060280323	36720	0.1412470936775207	32722	0.4727338850498199	6918	0.443331390619278
MONDO:0060489	HGNC:7983	6948	0.8352153301239014	1844	0.9561610221862792	196	0.9604330062866212	56	0.9916925430297852	6892	0.1564772129058838
MONDO:0060663	HGNC:15802	6930	0.7067241072654724	4382	0.9455176591873168	532	0.954352855682373	112	0.9904152154922484	6818	0.283691108226776
HGNC:6770	MONDO:0008276	27344	0.5854708552360535	24888	0.7293726205825806	23724	0.7542003989219666	20526	0.7961549162864685	6818	0.21068406105041504
MONDO:0008377	HGNC:10294	6992	0.8794600367546082	980	0.9476590752601624	434	0.9595023989677428	180	0.978008508682251	6812	0.09854847192764282
MONDO:0008542	HGNC:11701	6636	0.7710242867469788	3950	0.8984919190406799	510	0.9462907314300536	46	0.963936448097229	6590	0.19291216135025024
MONDO:0054696	HGNC:9956	6702	0.7409640550613403	4770	0.9047266244888306	286	0.98143070936203	172	0.9886016249656676	6530	0.24763756990432728
MONDO:0020628	HGNC:11992	7548	0.7375460267066956	4124	0.9295976161956788	1360	0.9648451805114746	1046	0.9671478271484376	6502	0.22960180044174205
HGNC:2590	MONDO:0013400	6498	0.6300248503684998	1394	0.8797328472137451	644	0.8850101828575134	92	0.968976616859436	6406	0.3389517664909363
MONDO:0008558	HGNC:15626	34400	0.0265000686049461	32628	0.1202553212642669	30666	0.1429428607225418	28000	0.2882900834083557	6400	0.26179001480340963
HGNC:16466	MONDO:0958189	6172	0.8958386182785034	900	0.9632896184921264	28	0.9815315008163452	14	0.9915021657943726	6158	0.09566354751586914
MONDO:0014156	HGNC:10589	6138	0.8018262386322021	5280	0.8810917139053345	154	0.9430152177810668	26	0.9602209329605104	6112	0.15839469432830822
HGNC:3662	MONDO:0015096	11658	0.864611804485321	10328	0.903370201587677	6482	0.9106581807136536	5558	0.9266486167907716	6100	0.06203681230545055
MONDO:0012474	HGNC:1956	6150	0.8317916393280029	2108	0.9496524930000304	370	0.960812509059906	54	0.993637204170227	6096	0.16184556484222412
HGNC:2594	MONDO:0013301	6398	0.4848344624042511	3254	0.506138026714325	648	0.8220946192741394	366	0.9035903215408324	6032	0.4187558591365813
MONDO:0007610	HGNC:35	6016	0.8616892695426941	3542	0.9482925534248352	1310	0.9604546427726746	6	0.9993957281112672	6010	0.1377064585685731
MONDO:0020748	HGNC:13886	5848	0.7865097522735596	4906	0.8510990142822266	18	0.9634894132614136	16	0.9739784002304076	5832	0.18746864795684803
MONDO:0013662	HGNC:18831	5992	0.4873731434345245	5340	0.774425208568573	1576	0.8484324812889099	162	0.8824122548103333	5830	0.39503911137580877
MONDO:0014802	HGNC:10702	6254	0.7695339322090149	4906	0.8904396295547485	4346	0.8964521288871765	424	0.931907057762146	5830	0.1623731255531311
MONDO:0009211	HGNC:3544	5732	0.8518762588500977	1936	0.949233055114746	96	0.9624841809272766	52	0.9903083443641664	5680	0.13843208551406871
MONDO:0019767	HGNC:9330	6980	0.6905733942985535	5370	0.902394711971283	2098	0.9766407012939452	1430	0.981188952922821	5550	0.2906155586242676
MONDO:0013693	HGNC:195	5616	0.8454761505126953	3950	0.9338631629943848	156	0.977770984172821	86	0.9872103929519652	5530	0.1417342424392699
HGNC:15646	MONDO:0014890	5476	0.9560864567756652	298	0.986884355545044	108	0.9947600960731506	28	0.9988988637924194	5448	0.04281240701675426
MONDO:0012041	HGNC:11529	5520	0.8470017313957214	938	0.9512715935707092	82	0.9553757309913636	80	0.963396430015564	5440	0.11639469861984253
MONDO:0010503	HGNC:16353	5726	0.7909193634986877	5398	0.8250719308853149	3360	0.930143177509308	400	0.9538073539733888	5326	0.16288799047470104
MONDO:0008019	HGNC:12783	5546	0.853328287601471	4090	0.9290097951889038	1334	0.9632061719894408	230	0.9829984307289124	5316	0.1296701431274414
MONDO:0013245	HGNC:13890	5400	0.9092403650283812	648	0.9913559556007384	550	0.9943138360977172	152	0.9973480701446532	5248	0.08810770511627197
HGNC:16951	MONDO:0033542	5678	0.964220643043518	4780	0.9725207686424256	960	0.989609956741333	460	0.9931489825248718	5218	0.02892833948135387
HGNC:3816	MONDO:0008542	5856	0.719913125038147	3740	0.8706414103507996	1638	0.9455439448356628	656	0.9606591463088988	5200	0.24074602127075184
HGNC:29190	MONDO:0030995	8760	0.9449790120124816	7324	0.9547190070152284	4170	0.9776145219802856	3586	0.9777590036392212	5174	0.03277999162673961
MONDO:0009315	HGNC:3530	5220	0.8262892365455627	5106	0.836637020111084	2178	0.91216242313385	66	0.9315584301948548	5154	0.1052691936492921
HGNC:23230	MONDO:0014933	5142	0.9589218497276306	996	0.9803333878517152	26	0.9925985336303712	4	0.9975405931472778	5138	0.03861874341964722
MONDO:0859253	HGNC:2232	6684	0.8199491500854492	5712	0.903809130191803	3856	0.9308989644050598	1610	0.9652477502822876	5074	0.14529860019683838
MONDO:0010933	HGNC:6256	5070	0.8719915151596069	2586	0.9505992531776428	172	0.971070408821106	22	0.9751233458518982	5048	0.10313183069229126
MONDO:0859207	HGNC:12499	5642	0.8874298334121704	3342	0.9531351327896118	1302	0.9791792631149292	594	0.9847155809402466	5048	0.09728574752807617
HGNC:9177	MONDO:0012041	8374	0.9374135136604308	4334	0.9655090570449828	4066	0.9697516560554504	3490	0.9750590920448304	4884	0.037645578384399636
MONDO:0032869	HGNC:30889	5444	0.8991592526435852	3690	0.9376586079597472	982	0.9634190201759338	576	0.9781106114387512	4868	0.07895135879516602
MONDO:0012382	HGNC:4799	5172	0.8738231658935547	2432	0.9676007628440856	792	0.9837963581085204	324	0.9916035532951356	4848	0.11778038740158092
MONDO:0975843	HGNC:30705	4818	0.894493579864502	104	0.9952300786972046	44	0.9960152506828308	32	0.9994297623634338	4786	0.10493618249893188
MONDO:0032757	HGNC:24846	4692	0.9204425811767578	944	0.9778035283088684	106	0.9813199043273926	96	0.9862236380577089	4596	0.06578105688095104
MONDO:0019947	HGNC:1529	4866	0.7853478193283081	4632	0.8367045521736145	3284	0.8612669110298157	308	0.9402559399604796	4558	0.15490812063217152
MONDO:0033547	HGNC:17933	5002	0.9144946336746216	2160	0.9767248034477234	828	0.9918694496154784	516	0.9974525570869446	4486	0.082957923412323
HGNC:7910	MONDO:0012883	36764	0.098262071609497	36248	0.1558310240507125	34138	0.2834899723529815	32280	0.3746898770332336	4484	0.2764278054237366
MONDO:0010162	HGNC:5147	4554	0.9218498468399048	1482	0.9823315143585204	350	0.984931230545044	132	0.9931540489196776	4422	0.07130420207977284
MONDO:0015096	HGNC:3662	5202	0.8678852915763855	4854	0.8876931667327881	3036	0.9020552039146424	820	0.919158697128296	4382	0.05127340555191051
MONDO:0014890	HGNC:15646	4332	0.93122798204422	378	0.9930086135864258	104	0.9972227811813354	32	0.9985260367393494	4300	0.0672980546951294
MONDO:0014630	HGNC:8028	4316	0.9175540804862976	94	0.9841428399086	26	0.9904595613479614	18	0.9954328536987304	4298	0.07787877321243275
HGNC:7103	MONDO:0020378	4772	0.8299108743667603	3302	0.8698719143867493	626	0.9023976922035216	480	0.9521333575248718	4292	0.12222248315811157
HGNC:3531	MONDO:0008559	6146	0.7648746371269226	5528	0.8937609791755676	4476	0.8955037593841553	1876	0.9123230576515198	4270	0.14744842052459717
MONDO:0009050	HGNC:12631	4284	0.9502428770065308	1466	0.9679177403450012	108	0.9824830293655396	14	0.990034282207489	4270	0.03979140520095825
MONDO:0012588	HGNC:28486	5158	0.9075818061828612	2744	0.9650554060935974	1020	0.9705281853675842	1004	0.982086420059204	4154	0.07450461387634277
MONDO:0030055	HGNC:11184	4594	0.9156673550605774	2314	0.9619426131248474	814	0.9661275148391724	468	0.969968855381012	4126	0.05430150032043457
MONDO:0017691	HGNC:4116	5332	0.5412027835845947	5012	0.6426915526390076	3234	0.8305929899215698	1276	0.8593841195106506	4056	0.3181813359260559
MONDO:0012092	HGNC:7808	4054	0.9290673732757568	272	0.9806667566299438	122	0.9850563406944276	34	0.992532193660736	4020	0.06346482038497914
HGNC:19721	MONDO:0054680	5510	0.9321656227111816	3196	0.957016110420227	1894	0.978663444519043	1544	0.979842722415924	3966	0.04767709970474232
HGNC:4888	MONDO:0013892	4022	0.8406516313552856	3788	0.845740020275116	198	0.9669710397720336	72	0.9771631956100464	3950	0.13651156425476074
MONDO:0008570	HGNC:1397	6552	0.5944945216178894	6030	0.6736968755722046	5258	0.7425548434257507	2626	0.922181248664856	3926	0.32768672704696655
MONDO:0013907	HGNC:4584	4866	0.911724865436554	4700	0.9237625002861024	1310	0.977185308933258	948	0.9811838865280152	3918	0.06945902109146129
HGNC:7326	MONDO:0012041	5526	0.9357540011405944	3200	0.9654166102409364	2268	0.9749422669410706	1664	0.9780460596084596	3862	0.04229205846786521
MONDO:0008854	HGNC:13210	5288	0.8906479477882385	4464	0.9471182227134703	2834	0.9635222554206848	1590	0.97199809551239	3698	0.0813501477241515
MONDO:0971178	HGNC:13387	3742	0.9249237775802612	1108	0.9744436144828796	186	0.9856497645378112	56	0.9969245791435242	3686	0.07200080156326294
MONDO:0012348	HGNC:1848	7560	0.7349290251731873	6794	0.7916520833969116	4870	0.8849332332611084	3942	0.8888922929763794	3618	0.15396326780319214
MONDO:0008814	HGNC:663	3596	0.9408837556838988	908	0.9863643050193788	172	0.9937878251075744	82	0.9952501058578492	3514	0.05436635017395042
HGNC:3535	MONDO:0013361	3628	0.8467777371406555	514	0.9585278034210204	328	0.9597830772399902	188	0.9842858910560608	3440	0.13750815391540527
MONDO:0012256	HGNC:19714	3562	0.9423445463180542	376	0.9907891154289246	274	0.99365895986557	130	0.998052716255188	3432	0.05570816993713379
MONDO:0014977	HGNC:22954	3564	0.922858953475952	1390	0.9722769260406494	410	0.9744579792022704	134	0.9928187727928162	3430	0.06995981931686412
MONDO:0008817	HGNC:3356	3524	0.934647798538208	2556	0.955009400844574	376	0.9783371686935424	144	0.9803673028945924	3380	0.04571950435638439
HGNC:33	MONDO:0009929	3422	0.8830928206443787	84	0.9676002264022828	60	0.9751405119895936	52	0.9842002987861632	3370	0.10110747814178456
HGNC:17933	MONDO:0033547	3470	0.9390979409217834	1478	0.9610294699668884	864	0.9841343760490416	134	0.997158408164978	3336	0.05806046724319458
MONDO:0030088	HGNC:59	3302	0.9633320569992064	398	0.9904550909996032	48	0.9943856000900269	38	0.9968697428703308	3264	0.03353768587112438
HGNC:22954	MONDO:0014977	3390	0.9305092692375184	816	0.96172434091568	654	0.9669351577758788	140	0.9940472841262816	3250	0.0635380148887632
MONDO:8000006	HGNC:2561	7848	0.5876625776290894	6746	0.6500372886657715	5626	0.8215913772583008	4650	0.8455320596694946	3198	0.2578694820404053
HGNC:9218	MONDO:0859158	3168	0.7764195203781128	1430	0.9586369395256042	330	0.990619659423828	14	0.9939950108528136	3154	0.21757549047470082
HGNC:4217	MONDO:0014217	3222	0.5546281337738037	3212	0.6233762502670288	1562	0.7608109712600708	94	0.9633978009223938	3128	0.4087696671485901
HGNC:15802	MONDO:0060663	3134	0.8324179649353027	1772	0.959863305091858	1042	0.9689847826957704	10	0.9897745847702026	3124	0.1573566198348999
MONDO:0007794	HGNC:11281	3132	0.8984864950180054	122	0.975522518157959	66	0.9900093674659728	56	0.9915557503700256	3076	0.09306925535202026
MONDO:0012203	HGNC:12373	3060	0.9576358199119568	168	0.991814911365509	60	0.9976286292076112	10	0.9990110397338868	3050	0.04137521982193004
HGNC:16740	MONDO:0032715	4032	0.9656689763069152	1658	0.986138880252838	1156	0.9923263788223268	1136	0.9936791062355042	2896	0.028010129928588978
MONDO:0013536	HGNC:5013	2774	0.924816071987152	2608	0.9606178402900696	124	0.9927207231521606	34	0.9958620071411132	2740	0.07104593515396118
HGNC:24846	MONDO:0032757	2794	0.8808463215827942	692	0.9707697629928588	68	0.9788772463798524	60	0.9846770763397216	2734	0.10383075475692738
HGNC:1956	MONDO:0012474	2740	0.8208782076835632	112	0.9661108255386353	56	0.9739720821380616	22	0.995866060256958	2718	0.17498785257339478
HGNC:2194	MONDO:0007381	2710	0.9269332885742188	372	0.9700588583946228	162	0.9761226773262024	52	0.9862719774246216	2658	0.05933868885040283
MONDO:0019828	HGNC:13831	7826	0.4554741680622101	6486	0.8221445679664612	5816	0.8693651556968689	5224	0.8804352879524231	2602	0.424961119890213
MONDO:0030281	HGNC:7720	2712	0.952238917350769	1882	0.9693657159805298	162	0.9837051033973694	136	0.9906242489814758	2576	0.03838533163070679
MONDO:0044792	HGNC:5173	4210	0.9292778372764589	3422	0.9419107437133788	2034	0.9541165232658386	1650	0.9586901664733888	2560	0.02941232919692993
MONDO:0044738	HGNC:12856	3622	0.9591368436813354	1888	0.981286346912384	1536	0.9853992462158204	1068	0.9922160506248474	2554	0.03307920694351196
MONDO:0957807	HGNC:11368	2608	0.951257824897766	1628	0.9694190621376038	456	0.9748780131340028	128	0.9787160754203796	2480	0.027458250522613636
HGNC:17494	MONDO:0035472	3002	0.9562761187553406	1482	0.96428120136261	1012	0.9828110933303832	580	0.9852094054222108	2422	0.028933286666870228
MONDO:0014159	HGNC:11276	3334	0.951505959033966	3090	0.9628746509552002	1108	0.985895335674286	982	0.9863407611846924	2352	0.03483480215072643
HGNC:1630	MONDO:0012190	2328	0.9535535573959352	802	0.9645698070526124	532	0.9756696820259094	74	0.9936426877975464	2254	0.04008913040161122
HGNC:11598	MONDO:0008542	2230	0.8607568144798279	2128	0.8922373652458191	1196	0.8961705565452576	36	0.9877291917800904	2194	0.12697237730026256
MONDO:0008521	HGNC:7866	2134	0.9506320357322692	1572	0.9636143445968628	380	0.9740997552871704	58	0.9782895445823668	2076	0.027657508850097656
MONDO:0036212	HGNC:26222	2444	0.9675599336624146	2312	0.9687002301216124	776	0.9796057343482972	450	0.9872934818267822	1994	0.019733548164367676
HGNC:13921	MONDO:0030673	1996	0.9551478624343872	70	0.9825221300125122	12	0.994640052318573	6	0.9977160692214966	1990	0.042568206787109375
MONDO:0012720	HGNC:9498	2190	0.96317458152771	1510	0.97252357006073	482	0.9843991994857788	242	0.9921817779541016	1948	0.0290071964263916
MONDO:0033650	HGNC:2294	3294	0.9618253707885742	2896	0.9692320227622986	1808	0.9761991500854492	1352	0.9820924997329712	1942	0.020267128944396973
MONDO:0009008	HGNC:28027	1944	0.9721543192863464	18	0.9969978332519532	8	0.9990063309669496	4	0.9998076558113098	1940	0.02765333652496338
MONDO:0014383	HGNC:25896	1888	0.9473425149917604	134	0.9935203194618224	86	0.995834231376648	52	0.9975467324256896	1836	0.05020421743392922
HGNC:9557	MONDO:0054591	6130	0.9617249369621276	5614	0.9656792283058168	4834	0.9720371961593628	4320	0.9765605330467224	1810	0.014835596084594838
HGNC:15455	MONDO:0010486	3150	0.9507722854614258	1744	0.9750536680221558	1544	0.9826201796531676	1406	0.98394113779068	1744	0.03316885232925426
MONDO:0013431	HGNC:24576	2308	0.9709370732307434	1286	0.987031877040863	1184	0.9879589080810548	634	0.9907797574996948	1674	0.019842684268951416
MONDO:0012541	HGNC:3681	1598	0.972616732120514	740	0.980984091758728	534	0.98592871427536	70	0.9969724416732788	1528	0.02435570955276478
HGNC:12775	MONDO:0014901	3238	0.8848464488983154	3156	0.8959859013557434	2188	0.9300912022590636	1724	0.9307898879051208	1514	0.04594343900680542
MONDO:0014060	HGNC:9922	1552	0.9687544107437134	694	0.9826388359069824	176	0.98969566822052	40	0.9925935864448548	1512	0.02383917570114147
MONDO:0044648	HGNC:26576	1814	0.9561800956726074	1540	0.9656004905700684	416	0.989267110824585	310	0.9899438619613647	1504	0.033763766288757324
MONDO:0013070	HGNC:17116	1614	0.9094513058662416	490	0.9182099103927612	178	0.9191579818725586	122	0.9692680835723876	1492	0.05981677770614602
MONDO:0011546	HGNC:18292	1454	0.9672513008117676	316	0.9821836948394777	32	0.9920977354049684	20	0.9977276921272278	1434	0.030476391315460205
HGNC:6211	MONDO:0007794	1648	0.9563600420951844	552	0.9826470017433168	428	0.991835594177246	216	0.996222734451294	1432	0.03986269235610951
MONDO:0020787	HGNC:103	1854	0.9859893321990968	1852	0.9876859188079834	960	0.9904322028160096	426	0.996656894683838	1428	0.010667562484741211
HGNC:57	MONDO:0013768	1420	0.9258600473403932	26	0.985602855682373	18	0.992647647857666	12	0.9934298396110536	1408	0.0675697922706604
HGNC:21474	MONDO:0012423	1830	0.9652950763702391	872	0.9785956740379332	548	0.9818828105926514	442	0.9840998649597168	1388	0.01880478858947765
MONDO:0014585	HGNC:1965	1714	0.9773509502410888	726	0.98837411403656	428	0.9926214218139648	338	0.9935495257377625	1376	0.016198575496673695
MONDO:0010645	HGNC:8108	1416	0.9776763916015624	174	0.994453489780426	78	0.9981830716133118	48	0.998775064945221	1368	0.02109867334365856
MONDO:0030914	HGNC:12306	1766	0.9805521368980408	1246	0.9916201829910278	774	0.9971321821212769	418	0.9991718530654908	1348	0.018619716167450062
HGNC:7527	MONDO:0012041	1404	0.9564709663391112	376	0.9683969616889954	194	0.9864535927772522	60	0.9885497689247132	1344	0.03207880258560203
MONDO:0030673	HGNC:13921	1544	0.979667067527771	778	0.9893310070037842	566	0.9948082566261292	218	0.9977745413780212	1326	0.018107473850250244
MONDO:0011738	HGNC:4512	1368	0.9781389832496644	504	0.9956849813461304	74	0.9992008805274964	60	0.9995573163032532	1308	0.021418333053588756
MONDO:0009274	HGNC:11609	1300	0.9635767340660096	534	0.9760671257972716	114	0.9890390634536744	24	0.990448534488678	1276	0.026871800422668346
HGNC:16877	MONDO:0011002	1346	0.9749256372451782	274	0.9894219040870668	186	0.9944648146629332	78	0.9976389408111572	1268	0.022713303565979004
HGNC:11184	MONDO:0030055	1656	0.9328395128250122	1274	0.9487738013267516	1098	0.9504183530807496	464	0.967832088470459	1192	0.03499257564544678
MONDO:0013927	HGNC:8854	1330	0.9829441905021667	1296	0.9841877222061156	570	0.9857590198516846	138	0.9935692548751832	1192	0.010625064373016468
HGNC:7132	MONDO:0011518	1594	0.989841639995575	692	0.998625636100769	464	0.9997047781944276	412	0.9997962117195128	1182	0.009954571723937877
MONDO:0012734	HGNC:12783	1246	0.9657473564147948	534	0.979862630367279	240	0.9892728924751282	76	0.9927184581756592	1170	0.02697110176086437
MONDO:0012280	HGNC:23419	1200	0.9866639375686646	436	0.995954155921936	68	0.999722182750702	30	0.9998451471328736	1170	0.013181209564209095
MONDO:0024555	HGNC:17082	1218	0.9841087460517884	1050	0.9841835498809814	374	0.9860206246376038	52	0.9950666427612304	1166	0.010957896709441917
MONDO:0014530	HGNC:4576	1266	0.985820770263672	846	0.9924128651618958	214	0.999333918094635	124	0.9996198415756226	1142	0.013799071311950573
HGNC:1144	MONDO:0014343	3622	0.9751561284065248	3272	0.9816575050354004	3140	0.987079918384552	2524	0.99114590883255	1098	0.01598978042602528
MONDO:0011181	HGNC:691	1106	0.9765329957008362	572	0.9778919816017152	114	0.9806228876113892	12	0.9958439469337464	1094	0.019310951232910267
MONDO:0012982	HGNC:10941	1148	0.9786667823791504	204	0.9948194622993468	96	0.9983105659484864	64	0.998519003391266	1084	0.01985222101211559
MONDO:0009919	HGNC:119	1318	0.9884129166603088	910	0.9934913516044616	304	0.9974868297576904	260	0.9982088804244996	1058	0.009795963764190785
HGNC:11098	MONDO:0859139	1082	0.9856197834014891	296	0.9953042268753052	78	0.9991669654846193	52	0.9995341300964355	1030	0.0139143466949464
MONDO:0100186	HGNC:4193	1048	0.9821262955665588	604	0.9898388385772704	132	0.9957578778266908	42	0.9989681243896484	1006	0.0168418288230896
MONDO:0016856	HGNC:14881	1164	0.9830814003944396	372	0.993344783782959	252	0.9968215227127076	170	0.9981118440628052	994	0.01503044366836559
MONDO:0016825	HGNC:28900	1070	0.9835032224655152	722	0.9913927316665648	218	0.9959319233894348	80	0.9976983666419984	990	0.014195144176483154
HGNC:9957	MONDO:0700090	962	0.927764058113098	170	0.9599498510360718	56	0.9934415817260742	40	0.9965422749519348	922	0.06877821683883678
MONDO:0017052	HGNC:25415	908	0.9120665192604064	198	0.9167424440383912	50	0.9516966342926024	16	0.9711872935295104	892	0.059120774269104004
MONDO:0030750	HGNC:2194	892	0.9741612672805786	80	0.9941695928573608	30	0.9961926937103271	10	0.9981215596199036	882	0.02396029233932495
HGNC:9940	MONDO:0008377	1230	0.8521318435668945	1112	0.9265105724334716	852	0.9463601112365724	390	0.9603636264801024	840	0.1082317829132079
HGNC:3762	MONDO:0014107	872	0.9668527841567992	98	0.983751654624939	64	0.985454559326172	36	0.9920549392700196	836	0.025202155113220437
HGNC:7818	MONDO:0030684	838	0.9828028082847596	774	0.985363781452179	264	0.987351655960083	4	0.9986711740493774	834	0.01586836576461781
HGNC:26684	MONDO:0054723	866	0.9142754673957824	416	0.9893690347671508	176	0.9955312609672546	76	0.9987412095069884	790	0.08446574211120605
MONDO:0015007	HGNC:29508	864	0.9823507070541382	628	0.9922261238098145	174	0.9986618757247924	102	0.9990605711936952	762	0.016709864139556996
MONDO:0014406	HGNC:23734	782	0.9795724749565125	504	0.98581063747406	30	0.9933717250823976	26	0.9971965551376344	756	0.017624080181121937
HGNC:2799	MONDO:0014460	742	0.9758174419403076	198	0.9919849038124084	40	0.9941377639770508	2	0.9985180497169496	740	0.022700607776641957
MONDO:0975842	HGNC:30705	750	0.9701598286628724	76	0.995617151260376	56	0.9986773133277892	12	0.9995933175086976	738	0.029433488845825195
MONDO:0007495	HGNC:4193	860	0.9818778038024902	292	0.99506276845932	192	0.9972189664840698	154	0.9985275268554688	706	0.016649723052978516
HGNC:10771	MONDO:0007943	1342	0.9938210844993592	722	0.9982265830039978	646	0.9995368719100952	640	0.9995452761650084	702	0.005724191665649192
HGNC:13862	MONDO:0033564	758	0.9763047695159912	410	0.9874336123466492	158	0.9976611137390136	66	0.999721109867096	692	0.023416340351104736
MONDO:0008713	HGNC:17129	730	0.9755321741104126	432	0.9853010773658752	88	0.9917764663696288	68	0.9926418662071228	662	0.017109692096710205
HGNC:691	MONDO:0011181	656	0.9732889533042908	462	0.976100742816925	408	0.9774138927459716	12	0.9965808987617492	644	0.023291945457458385
MONDO:0014460	HGNC:2799	594	0.9807142615318298	294	0.9913126826286316	86	0.9964388608932496	30	0.9986016154289246	564	0.017887353897094727
MONDO:0054723	HGNC:26684	616	0.8536313772201538	102	0.9884920120239258	80	0.9945825934410096	54	0.9989105463027954	562	0.1452791690826416
MONDO:0008592	HGNC:2916	572	0.9756086468696594	268	0.9828014969825744	18	0.992001175880432	16	0.9933075308799744	556	0.01769888401031494
HGNC:18292	MONDO:0011546	630	0.959595263004303	174	0.9788708686828612	170	0.9880285263061525	92	0.9976264834403992	538	0.03803122043609619
HGNC:6483	MONDO:0009513	602	0.9607927203178406	546	0.9624361395835876	120	0.9881089329719543	64	0.9956472516059875	538	0.03485453128814697
MONDO:0012700	HGNC:11027	572	0.981204390525818	216	0.9913359880447388	62	0.995255410671234	36	0.9977285265922546	536	0.016524136066436657
MONDO:0033564	HGNC:13862	548	0.9805907607078552	360	0.9874411821365356	22	0.9973194003105164	18	0.9996744394302368	530	0.019083678722381592
HGNC:7853	MONDO:0031054	534	0.9416131973266602	440	0.958114206790924	48	0.9971651434898376	22	0.9981583952903748	512	0.0565451979637146
HGNC:6284	MONDO:0012276	534	0.9673425555229188	178	0.9861650466918944	64	0.9881641864776612	24	0.991612195968628	510	0.02426964044570923
HGNC:14374	MONDO:0014089	528	0.9649500250816344	142	0.9835521578788756	44	0.9933978319168092	20	0.9995056390762328	508	0.03455561399459839
MONDO:0011778	HGNC:30497	992	0.9899851083755492	574	0.9937915205955504	530	0.9958398342132568	500	0.9961789846420288	492	0.006193876266479603
MONDO:0008689	HGNC:28993	472	0.9809852838516236	146	0.9899855852127076	60	0.9967361092567444	18	0.9970115423202516	454	0.01602625846862793
MONDO:0060457	HGNC:14374	458	0.987584948539734	78	0.9961003065109252	26	0.9988881945610046	6	0.9995928406715392	452	0.012007892131805198
MONDO:0011504	HGNC:17619	560	0.9904181361198424	512	0.9927667379379272	202	0.9978679418563844	108	0.9991191029548644	452	0.008700966835021973
HGNC:14344	MONDO:0011579	490	0.9665646553039552	136	0.9946140646934508	72	0.9991317391395568	48	0.9992679953575134	442	0.03270334005355824
MONDO:0011633	HGNC:18083	544	0.9784938097000122	180	0.9897342920303344	106	0.99723082780838	104	0.9973128437995912	440	0.01881903409957897
HGNC:6936	MONDO:0008861	492	0.97929447889328	278	0.9889394640922546	72	0.9955254197120668	64	0.9959086179733276	428	0.016614139080047607
HGNC:11231	MONDO:0008437	432	0.9820470809936525	158	0.9961363673210144	106	0.998754620552063	16	0.999766170978546	416	0.017719089984893577
MONDO:0014343	HGNC:4877	446	0.9941415190696716	224	0.996533751487732	164	0.9987106323242188	36	0.9990979433059692	410	0.004956424236297607
MONDO:0030332	HGNC:17209	480	0.976496160030365	322	0.9875778555870056	100	0.991340696811676	72	0.9975348711013794	408	0.021038711071014404
HGNC:6239	MONDO:0011819	398	0.9677042365074158	64	0.9942306280136108	30	0.9953241944313048	14	0.9985119700431824	384	0.0308077335357666
MONDO:0014089	HGNC:14374	394	0.975543200969696	106	0.9882764220237732	70	0.9911566972732544	14	0.9993354678153992	380	0.023792266845703125
HGNC:15559	MONDO:0014532	408	0.9751085042953492	118	0.9866225123405457	86	0.9906628131866456	40	0.9943702816963196	368	0.019261777400970348
MONDO:0010477	HGNC:11957	522	0.9963009357452391	310	0.99863201379776	178	0.9997828602790833	162	0.9998407363891602	360	0.0035398006439210095
HGNC:4318	MONDO:0012563	558	0.999230980873108	498	0.999739110469818	352	0.9999769926071168	228	0.9999939203262328	330	0.000762939453124778
HGNC:21219	MONDO:0012980	726	0.999232292175293	530	0.9998513460159302	526	0.9999833106994628	398	0.9999914169311525	328	0.000759124755859486
HGNC:10955	MONDO:0013756	1198	0.9876312613487244	906	0.995451033115387	892	0.9981982111930848	872	0.9982010126113892	326	0.010569751262664795
HGNC:17129	MONDO:0008713	420	0.9736666083335876	142	0.9761215448379515	102	0.9902023077011108	98	0.9927600622177124	322	0.019093453884124756
HGNC:18744	MONDO:0012906	394	0.9760713577270508	384	0.977733552455902	80	0.9959626793861388	74	0.9965617060661316	320	0.02049034833908081
HGNC:6180	MONDO:0011694	376	0.9843942523002625	158	0.9883870482444764	98	0.9948920011520386	58	0.9961130619049072	318	0.011718809604644775
MONDO:0024264	HGNC:8622	338	0.9798693656921388	216	0.9877569675445556	120	0.9900683760643004	22	0.9957675933837892	316	0.01589822769165039
HGNC:9143	MONDO:0800026	318	0.962870955467224	14	0.9951883554458618	10	0.9986670017242432	6	0.9998644590377808	312	0.03699350357055675
MONDO:0008437	HGNC:11231	372	0.9872446656227112	232	0.9955325126647948	126	0.9988802075386048	72	0.9997803568840028	300	0.012535691261291615
HGNC:25326	MONDO:0032686	312	0.9874967336654664	184	0.9966002106666564	54	0.9985551238059998	14	0.9997957348823548	298	0.012299001216888428
HGNC:4556	MONDO:0009593	1106	0.978124499320984	858	0.9976822137832642	846	0.9987708926200868	828	0.9994624257087708	278	0.021337926387786754
MONDO:0010839	HGNC:18083	508	0.9836746454238892	458	0.9879044890403748	346	0.9914024472236632	236	0.9961724877357484	272	0.012497842311859242
HGNC:10906	MONDO:0013214	282	0.972402572631836	24	0.9943408966064452	20	0.9954754710197448	18	0.9960250854492188	264	0.0236225128173827
HGNC:2194	MONDO:0030750	262	0.970270574092865	14	0.99598491191864	12	0.9971652626991272	6	0.9981958270072936	256	0.0279252529144286
HGNC:6654	MONDO:0008061	834	0.998469889163971	728	0.9996196031570436	640	0.9999337196350098	578	0.999984860420227	256	0.0015149712562561035
HGNC:977	MONDO:0100058	268	0.9704933762550354	214	0.9775123000144958	40	0.9906935095787048	16	0.9956173896789552	252	0.02512401342391979
MONDO:0008751	HGNC:2592	262	0.9886142015457152	224	0.9908456206321716	58	0.9970154762268066	18	0.9993315935134888	244	0.010717391967773549
MONDO:0100102	HGNC:9863	258	0.9954503178596495	48	0.9989288449287416	36	0.9995627999305724	18	0.99984610080719	240	0.004395782947540505
HGNC:9990	MONDO:0008377	610	0.9686806797981262	472	0.9747779965400696	380	0.980560302734375	374	0.9837085604667664	236	0.015027880668640137
HGNC:26293	MONDO:0032898	278	0.9861326217651368	236	0.9920603036880492	146	0.995810866355896	50	0.9987693428993224	228	0.012636721134185569
HGNC:29619	MONDO:0030973	230	0.9802170395851136	90	0.9812838435173036	10	0.998484194278717	4	0.9998030066490172	226	0.019585967063903587
MONDO:0021019	HGNC:20145	238	0.9807062149047852	160	0.9890823364257812	48	0.9982910752296448	12	0.998292863368988	226	0.01758664846420288
MONDO:0013157	HGNC:17997	238	0.9908241033554076	232	0.9910837411880492	16	0.9996685981750488	14	0.9998910427093506	224	0.009066939353942982
HGNC:28027	MONDO:0009008	224	0.9758617281913756	42	0.996056318283081	20	0.9991829991340636	6	0.999806821346283	218	0.023945093154907338
HGNC:6391	MONDO:0011335	1098	0.9873314499855042	906	0.9970346689224244	896	0.9991036057472228	888	0.9993228912353516	210	0.011991441249847412
MONDO:0011787	HGNC:17997	254	0.9825244545936584	84	0.995319664478302	70	0.997952938079834	46	0.9990867376327516	208	0.01656228303909313
MONDO:0011398	HGNC:2214	260	0.9805408120155334	156	0.982083797454834	118	0.9829308390617372	52	0.9963862895965576	208	0.01584547758102417
MONDO:0011002	HGNC:16877	342	0.9840593338012696	216	0.991033971309662	146	0.9963879585266112	136	0.9980535507202148	206	0.013994216918945201
HGNC:25325	MONDO:0032859	208	0.9947984218597412	104	0.9993513226509094	44	0.9998098015785216	2	0.9999948740005492	206	0.0051964521408079944
MONDO:0009475	HGNC:6186	252	0.9949009418487548	238	0.9964753985404968	64	0.998538374900818	46	0.9987198114395142	206	0.0038188695907593884
MONDO:0011518	HGNC:7132	434	0.9965798258781432	272	0.9987841248512268	266	0.9994943141937256	230	0.9996254444122314	204	0.003045618534088246
MONDO:0014976	HGNC:7104	278	0.9976162910461426	124	0.9990670084953308	110	0.9993218183517456	82	0.9996914863586426	196	0.0020751953125
HGNC:9922	MONDO:0014060	222	0.9717211127281188	98	0.9889362454414368	52	0.9928115010261536	32	0.9944445490837096	190	0.02272343635559082
MONDO:0008377	HGNC:1393	304	0.9634510278701782	196	0.976160764694214	192	0.9806851148605348	140	0.9836626052856444	164	0.020211577415466198
MONDO:0014338	HGNC:6005	170	0.9898453950881958	42	0.9978772401809692	16	0.999050796031952	6	0.9992890357971193	164	0.00944364070892345
HGNC:2946	MONDO:0032845	218	0.9903289079666138	214	0.9923136830329896	172	0.992401957511902	54	0.998496413230896	164	0.008167505264282227
HGNC:2940	MONDO:0054615	232	0.9880149960517884	174	0.9936635494232178	160	0.9952514171600342	72	0.9985961318016052	160	0.010581135749816784
MONDO:0014836	HGNC:7737	166	0.9941966533660888	64	0.9989266991615297	44	0.9996789693832396	10	0.9999550580978394	156	0.005758404731750599
MONDO:0014282	HGNC:17975	244	0.991835117340088	242	0.994445025920868	180	0.9967800974845886	90	0.9980741739273072	154	0.006239056587219238
MONDO:0008392	HGNC:9118	284	0.9928019046783448	180	0.9973142743110656	148	0.9992153644561768	136	0.9994544386863708	148	0.006652534008026012
MONDO:0032758	HGNC:6115	152	0.9982473850250244	62	0.99954092502594	36	0.99978369474411	6	0.9999843835830688	146	0.0017369985580444336
MONDO:0032728	HGNC:7224	312	0.9892823696136476	302	0.9903736114501952	178	0.9951558113098145	170	0.9957886338233948	142	0.006506264209747203
HGNC:12783	MONDO:0012734	178	0.9540860652923584	74	0.9774252772331238	62	0.9882732033729552	38	0.996269702911377	140	0.042183637619018555
MONDO:0958236	HGNC:2213	146	0.9912403225898744	64	0.9950234889984132	8	0.9993925094604492	6	0.9996445178985596	140	0.008404195308685192
MONDO:0030456	HGNC:6189	216	0.9924420118331908	100	0.9977104663848876	88	0.9988295435905457	78	0.999386191368103	138	0.00694417953491222
MONDO:0032741	HGNC:12927	204	0.9973304271697998	148	0.9989033937454224	90	0.9996588230133056	66	0.9997074007987976	138	0.0023769736289978027
MONDO:0032686	HGNC:25326	174	0.9881943464279176	68	0.9968517422676086	56	0.9990412592887878	40	0.9997525811195374	134	0.011558234691619762
MONDO:0012554	HGNC:3433	156	0.9955978989601136	76	0.9977686405181884	68	0.999082088470459	22	0.999734342098236	134	0.0041364431381223365
MONDO:0032898	HGNC:26293	196	0.9878833889961244	120	0.9919217824935912	74	0.99565327167511	66	0.9989390969276428	130	0.011055707931518444
HGNC:6189	MONDO:0030456	136	0.9913374185562134	22	0.9959535598754884	10	0.9983323216438292	8	0.9992169141769408	128	0.007879495620727428
HGNC:30705	MONDO:0975842	142	0.9589345455169678	30	0.9962592124938964	26	0.9989920258522034	20	0.9996696710586548	122	0.04073512554168701
MONDO:0012866	HGNC:21197	132	0.9979109168052672	52	0.9994089603424072	50	0.9997649788856506	12	0.9999016523361206	120	0.0019907355308533825
HGNC:9644	MONDO:0014343	1016	0.9885375499725342	982	0.9908339381217957	914	0.9969412684440612	898	0.9977937936782836	118	0.0092562437057494
HGNC:5956	MONDO:0011907	608	0.998192012310028	582	0.9994636178016664	528	0.999932050704956	490	0.9999613761901855	118	0.0017693638801575817
HGNC:15808	MONDO:0007738	256	0.9997645020484924	210	0.999923825263977	180	0.9999914169311525	140	0.9999920129776	116	0.000227510929107555
HGNC:18758	MONDO:0008377	170	0.987329363822937	132	0.9919906258583068	112	0.9931949377059937	56	0.9953095316886902	114	0.007980167865753174
HGNC:20087	MONDO:0008377	146	0.9932223558425904	128	0.9959508180618286	74	0.9978538155555724	34	0.9988858103752136	112	0.00566345453262318
HGNC:4040	MONDO:0008123	860	0.9950719475746156	858	0.9979952573776244	778	0.9997242093086244	748	0.9997887015342712	112	0.004716753959655651
HGNC:12373	MONDO:0012203	112	0.981221616268158	50	0.9845442175865172	4	0.9979000091552734	2	0.9991456270217896	110	0.017924010753631592
MONDO:0007794	HGNC:6211	136	0.9624807834625244	68	0.9810848236083984	42	0.9932475090026855	32	0.9969722032546996	104	0.03449141979217518
HGNC:236	MONDO:0800028	116	0.9817630052566528	90	0.9838497638702391	46	0.996109664440155	16	0.9994903802871704	100	0.017727375030517578
MONDO:0009593	HGNC:4556	116	0.9866014122962952	40	0.9958561062812804	20	0.9988189339637756	16	0.999207317829132	100	0.012605905532836803
HGNC:10588	MONDO:0013388	126	0.9861276149749756	82	0.990209460258484	38	0.9956865310668944	30	0.996926724910736	96	0.010799109935760387
HGNC:10012	MONDO:0008377	154	0.989361584186554	114	0.9912199378013612	90	0.997198224067688	58	0.9978569149971008	96	0.008495330810546875
HGNC:19960	MONDO:0014688	678	0.9996135830879213	642	0.9998574256896972	622	0.9999834299087524	584	0.9999920129776	94	0.00037842988967873303
MONDO:0060549	HGNC:8632	94	0.9968944787979126	18	0.998928725719452	4	0.9998749494552612	2	0.9999736547470092	92	0.0030791759490965687
HGNC:119	MONDO:0009919	104	0.9853605628013612	98	0.9882233738899232	24	0.9967055916786194	16	0.9984371066093444	88	0.013076543807983176
HGNC:6000	MONDO:0013021	960	0.992001175880432	892	0.9972565770149232	890	0.9989816546440125	872	0.9990711212158204	88	0.007069945335388406
HGNC:17619	MONDO:0011504	100	0.9929965138435364	78	0.9951180219650269	66	0.9969735145568848	12	0.9992807507514954	88	0.006284236907958984
MONDO:0007922	HGNC:9957	124	0.983328342437744	68	0.9927003979682922	40	0.9991683959960938	38	0.9994169473648072	86	0.01608860492706321
MONDO:0014405	HGNC:27962	88	0.9872776865959167	34	0.9960755705833436	22	0.9988434314727784	4	0.9996267557144164	84	0.012349069118499645
MONDO:0008477	HGNC:18083	112	0.9903449416160583	84	0.9931140542030334	62	0.9975572824478148	38	0.9992344379425048	74	0.008889496326446422
HGNC:17085	MONDO:0032724	882	0.995791792869568	852	0.998571276664734	824	0.9996302127838136	810	0.9998028874397278	72	0.004011094570159801
MONDO:0033622	HGNC:28514	124	0.9876310229301452	104	0.99087393283844	62	0.9956924319267272	58	0.9987279772758484	66	0.011096954345703236
HGNC:4454	MONDO:0009779	706	0.9992802739143372	682	0.9997802376747132	676	0.999964952468872	640	0.9999808073043824	66	0.000700533390045277
HGNC:4042	MONDO:0007589	84	0.9867056012153624	62	0.9884267449378968	22	0.998428463935852	20	0.9992375373840332	64	0.012531936168670765
MONDO:0030440	HGNC:25295	64	0.9959784746170044	54	0.9982629418373108	18	0.9999083280563354	2	0.9999678134918212	62	0.0039893388748167835
HGNC:9722	MONDO:0009053	64	0.9950207471847534	10	0.9978306889533995	6	0.9993495345115662	4	0.999588906764984	60	0.004568159580230602
MONDO:0013056	HGNC:10982	68	0.9970746040344238	30	0.9987832903862	20	0.9993433356285096	10	0.999563992023468	58	0.0024893879890441895
MONDO:0020346	HGNC:2226	78	0.9955384135246276	54	0.9978760480880736	44	0.999329686164856	26	0.9997467398643494	52	0.004208326339721791
MONDO:0054615	HGNC:2940	128	0.9885473251342772	98	0.993403971195221	86	0.99442321062088	78	0.9985799789428712	50	0.010032653808593972
MONDO:0015787	HGNC:3546	100	0.959070920944214	82	0.9681683778762816	74	0.9763303399086	56	0.9843142032623292	44	0.025243282318115234
MONDO:0019307	HGNC:2194	60	0.9846516847610474	52	0.98892080783844	30	0.9960119724273682	16	0.9962872266769408	44	0.011635541915893444
HGNC:6251	MONDO:0020745	58	0.9942306280136108	36	0.9966241121292114	24	0.9980195760726928	14	0.9995500445365906	44	0.005319416522979736
MONDO:0018393	HGNC:28569	62	0.939589500427246	44	0.9507890343666076	26	0.9650798439979552	20	0.970616579055786	42	0.03102707862854004
MONDO:0007572	HGNC:29605	56	0.9889875054359436	42	0.9903174638748168	34	0.9959784746170044	16	0.9964187145233154	40	0.007431209087371826
HGNC:7133	MONDO:0035651	46	0.9978691339492798	14	0.999664545059204	8	0.9999260902404784	6	0.9999693632125854	40	0.002100229263305664
MONDO:0011335	HGNC:6391	50	0.9940409064292908	22	0.997204065322876	20	0.9987940788269044	12	0.999445617198944	38	0.005404710769653209
HGNC:10260	MONDO:0007922	42	0.9953017234802246	30	0.9956132173538208	16	0.9991274476051332	4	0.999766170978546	38	0.004464447498321422
HGNC:3542	MONDO:0009210	54	0.9881585240364076	44	0.9918252229690552	40	0.9948180317878724	18	0.9961327314376832	36	0.007974207401275635
MONDO:0032859	HGNC:25325	66	0.9977548718452454	58	0.9992302656173706	52	0.999794900417328	30	0.999995231628418	36	0.0022403597831726074
HGNC:10593	MONDO:0020745	70	0.992490828037262	64	0.9952473044395448	44	0.9958299994468688	36	0.998815655708313	34	0.006324827671051025
HGNC:9083	MONDO:0007738	110	0.9992720484733582	108	0.9996339082717896	96	0.999942183494568	76	0.999947428703308	34	0.0006753802299498401
MONDO:0958194	HGNC:35123	34	0.9930349588394164	28	0.9939072728157043	8	0.9992052912712096	2	0.999854326248169	32	0.006819367408752552
MONDO:0013021	HGNC:6000	36	0.9940633177757264	26	0.9965795874595642	10	0.9991305470466614	4	0.9992708563804626	32	0.005207538604736217
MONDO:0031043	HGNC:28870	30	0.9905627965927124	12	0.9987472295761108	10	0.9996308088302612	4	0.9999146461486816	26	0.009351849555969238
HGNC:9912	MONDO:0010767	52	0.9850200414657592	50	0.9902149438858032	34	0.9961413741111756	28	0.997148096561432	24	0.01212805509567283
MONDO:0007922	HGNC:24097	42	0.9928432703018188	40	0.9969812035560608	34	0.9991223216056824	18	0.9996500015258788	24	0.006806731224059948
HGNC:24097	MONDO:0007922	38	0.9953287839889526	20	0.9977388381958008	16	0.99904066324234	14	0.9996154308319092	24	0.004286646842956543
HGNC:13488	MONDO:0035819	72	0.9901534914970398	60	0.9938852190971376	54	0.9970329999923706	52	0.9979559183120728	20	0.007802426815032959
HGNC:10597	MONDO:0009459	30	0.9955820441246032	18	0.998676598072052	14	0.9996803998947144	12	0.999864935874939	18	0.004282891750335804
MONDO:0007738	HGNC:8546	46	0.9966451525688172	32	0.9988767504692078	30	0.9995800852775574	28	0.9995917677879332	18	0.002946615219115989
MONDO:0008881	HGNC:2500	20	0.998262345790863	8	0.9995101690292358	4	0.9998807907104492	2	0.9999682903289796	18	0.001705944538116566
MONDO:0009377	HGNC:17996	20	0.9987640380859376	12	0.9994619488716124	4	0.999847173690796	2	0.9999147653579712	18	0.0011507272720335804
MONDO:0013801	HGNC:10596	24	0.9996623992919922	14	0.9999185800552368	8	0.9999939203262328	6	0.9999980926513672	18	0.000335693359375
MONDO:0032724	HGNC:17085	20	0.9972092509269714	18	0.9985295534133912	10	0.9996030926704408	4	0.9998564720153807	16	0.002647221088409313
MONDO:0013800	HGNC:18625	28	0.997761607170105	18	0.9990047812461852	16	0.999593198299408	12	0.9997007846832277	16	0.0019391775131226696
HGNC:3239	MONDO:0007790	14	0.9960826635360718	10	0.9985533356666564	6	0.9998584985733032	2	0.9999831914901732	12	0.0039005279541014515
MONDO:0013256	HGNC:19353	54	0.9997010827064514	52	0.9998295307159424	50	0.999958634376526	42	0.9999635219573976	12	0.00026243925094615594
HGNC:7677	MONDO:0014984	10	0.9992074370384216	6	0.9997887015342712	4	0.9999796152114868	2	0.999987006187439	8	0.000779569149017334
MONDO:0013463	HGNC:4214	10	0.99918931722641	8	0.9998284578323364	6	0.9999486207962036	4	0.999990701675415	6	0.0008013844490050159
