subset	annotation	n	top10_frac	top50_frac	median_rank
none	Has Gene	2591	0.11308375144731764	0.19644924739482825	1276.0
none	Has Gene with Ortholog	2586	0.11252900232018562	0.1956689868522815	1279.0
none	Has Phenotype	2406	0.12094763092269327	0.2082294264339152	1010.0
none	Has Genotype	595	0.12941176470588237	0.23025210084033612	544.0
none	Has GO	4	0.5	0.5	2187.0
40	Has Gene	2591	0.1254341952913933	0.2076418371285218	1020.0
40	Has Gene with Ortholog	2586	0.12490332559938129	0.2068832173240526	1028.0
40	Has Phenotype	2406	0.13383208645054032	0.21862011637572734	835.0
40	Has Genotype	595	0.1495798319327731	0.25882352941176473	420.0
40	Has GO	4	0.5	0.5	2083.0
60	Has Gene	2591	0.1586260131223466	0.2732535700501737	380.0
60	Has Gene with Ortholog	2586	0.15815931941221964	0.2722351121423047	383.0
60	Has Phenotype	2406	0.16916043225270158	0.2876142975893599	307.0
60	Has Genotype	595	0.20168067226890757	0.3176470588235294	196.0
60	Has GO	4	0.5	0.5	1941.0
80	Has Gene	2591	0.15746815901196448	0.30374372829023544	270.0
80	Has Gene with Ortholog	2586	0.15699922660479504	0.3031709203402939	273.0
80	Has Phenotype	2406	0.16708229426433915	0.3175394846217789	220.0
80	Has Genotype	595	0.19327731092436976	0.3495798319327731	158.0
80	Has GO	4	0.5	0.5	55.0
100	Has Gene	2591	0.09378618294094944	0.2535700501736781	274.0
100	Has Gene with Ortholog	2586	0.09358081979891725	0.2525135344160866	276.0
100	Has Phenotype	2406	0.09975062344139651	0.2660016625103907	241.0
100	Has Genotype	595	0.1226890756302521	0.28403361344537814	222.0
100	Has GO	4	0.5	0.5	40.0
