gene	disease	100	40	60	80	none
HGNC:10303	MONDO:0018254	33456	8550	17140	27506	7892
HGNC:10389	MONDO:0032670	18102	5162	7322	7892	4532
HGNC:1228	MONDO:0015054	29912	5322	5852	18836	4576
HGNC:17043	MONDO:0014294	16962	7396	7696	8934	7302
HGNC:25801	MONDO:0014343	310	68	112	122	56
HGNC:25928	MONDO:0019374	10356	662	770	1090	604
HGNC:3087	MONDO:0014343	912	686	728	902	668
HGNC:3444	MONDO:0014343	842	458	568	588	320
HGNC:3702	MONDO:0010401	166	100	116	118	74
HGNC:5391	MONDO:0011760	420	48	50	64	44
HGNC:5477	MONDO:0035945	20056	7756	12344	18532	606
HGNC:6021	MONDO:0030681	546	282	290	526	244
HGNC:6120	MONDO:0012834	30548	18168	23230	28576	12508
HGNC:6215	MONDO:0013489	30840	5852	8704	16346	4602
HGNC:7530	MONDO:0008377	1356	304	432	480	296
HGNC:7974	MONDO:0100289	35724	3642	6070	9678	1414
HGNC:8941	MONDO:0009061	20710	9176	10214	15704	8538
HGNC:9115	MONDO:0007922	620	34	40	42	26
HGNC:9721	MONDO:0014343	1220	314	578	602	306
