gene	disease	100	40	60	80	none	improvement
HGNC:1268	MONDO:0013929	39782	7222	414	39216	2140	-37642
HGNC:15662	MONDO:0030716	38144	334	68	68	1002	-37142
HGNC:3010	MONDO:0014580	39174	5178	1750	358	2956	-36218
HGNC:7974	MONDO:0100289	35724	3642	6070	9678	1414	-34310
HGNC:4832	MONDO:0017238	39332	6140	7714	6340	5414	-33918
HGNC:30225	MONDO:0014013	34808	258	2	2	1040	-33768
HGNC:1514	MONDO:0013032	38748	4550	4884	11036	5658	-33090
HGNC:7944	MONDO:0014551	37684	4736	228	168	4826	-32858
HGNC:28769	MONDO:0008377	32996	18932	13926	5768	940	-32056
HGNC:5383	MONDO:0016689	38682	4132	3300	19966	7234	-31448
